SET search_path TO ag, barcodes, public;
----------------------------------------------------------
-- survey_group
----------------------------------------------------------
INSERT INTO survey_group (group_order, american, british) VALUES (-1, 'Personal Information', 'Personal Information');
INSERT INTO survey_group (group_order, american, british) VALUES (0, 'General Diet Information', 'General Diet Information');
INSERT INTO survey_group (group_order, american, british) VALUES (1, 'General Information', 'General Information');
INSERT INTO survey_group (group_order, american, british) VALUES (2, 'General Lifestyle and Hygiene Information', 'General Lifestyle and Hygiene Information');
INSERT INTO survey_group (group_order, american, british) VALUES (3, 'General Health Information', 'General Health Information');
INSERT INTO survey_group (group_order, american, british) VALUES (4, 'Detailed Dietary information', 'Detailed Dietary information');
INSERT INTO survey_group (group_order, american, british) VALUES (5, 'Anything else?', 'Anything else?');

----------------------------------------------------------
-- surveys
----------------------------------------------------------
INSERT INTO surveys (survey_id, survey_group) VALUES (1, -1);
INSERT INTO surveys (survey_id, survey_group) VALUES (1, 0);
INSERT INTO surveys (survey_id, survey_group) VALUES (1, 1);
INSERT INTO surveys (survey_id, survey_group) VALUES (1, 2);
INSERT INTO surveys (survey_id, survey_group) VALUES (1, 3);
INSERT INTO surveys (survey_id, survey_group) VALUES (1, 4);
INSERT INTO surveys (survey_id, survey_group) VALUES (1, 5);

----------------------------------------------------------
-- survey_question
----------------------------------------------------------
INSERT INTO survey_question (survey_question_id, american, british) VALUES (1, 'How would you classify your diet?', 'How would you classify your diet?');
INSERT INTO survey_question (survey_question_id, american, british) VALUES (2, 'Are you taking a daily multivitamin?', 'Are you taking a daily multivitamin?');
INSERT INTO survey_question (survey_question_id, american, british) VALUES (3, 'How frequently do you take a probiotic?', 'How frequently do you take a probiotic?');
INSERT INTO survey_question (survey_question_id, american, british) VALUES (4, 'How frequently do you take Vitamin B complex, folate or folic acid?', 'How frequently do you take Vitamin B complex, folate or folic acid?');
INSERT INTO survey_question (survey_question_id, american, british) VALUES (5, 'How frequently do you take Vitamin D supplement?', 'How frequently do you take Vitamin D supplement?');
INSERT INTO survey_question (survey_question_id, american, british) VALUES (6, 'Are you taking any other nutritional/herbal supplements?', 'Are you taking any other nutritional/herbal supplements?');
INSERT INTO survey_question (survey_question_id, american, british) VALUES (7, 'Are you lactose intolerant?', 'Are you lactose intolerant?');
INSERT INTO survey_question (survey_question_id, american, british) VALUES (8, 'Are you gluten intolerant?', 'Are you gluten intolerant?');
INSERT INTO survey_question (survey_question_id, american, british) VALUES (9, 'I am allergic to __________ (mark all that apply)', 'I am allergic to __________ (mark all that apply)');
INSERT INTO survey_question (survey_question_id, american, british) VALUES (10, 'Do you eat a paleo, modified paleo, primal, FODMAP, Westen-Price, or other low-grain, low processed food diet?', 'Do you eat a paleo, modified paleo, primal, FODMAP, Westen-Price, or other low-grain, low processed food diet?');
INSERT INTO survey_question (survey_question_id, american, british) VALUES (11, 'Do you eat meat/dairy products from animals treated with antibiotics?', 'Do you eat meat/dairy products from animals treated with antibiotics?');
INSERT INTO survey_question (survey_question_id, american, british) VALUES (12, 'Do you follow any other special diet restrictions other than those indicated above?', 'Do you follow any other special diet restrictions other than those indicated above?');
INSERT INTO survey_question (survey_question_id, american, british) VALUES (13, 'What is your drinking water source at home?', 'What is your drinking water source at home?');
INSERT INTO survey_question (survey_question_id, american, british) VALUES (14, 'What is your race/ethnicity?', 'What is your race/ethnicity?');
INSERT INTO survey_question (survey_question_id, american, british) VALUES (15, 'When did you move to current state of residence?', 'When did you move to current state of residence?');
INSERT INTO survey_question (survey_question_id, american, british) VALUES (16, 'I have traveled outside of my country of residence in the past _________.', 'I have traveled outside of my country of residence in the past _________.');
INSERT INTO survey_question (survey_question_id, american, british) VALUES (17, 'How many non-family roommates do you have?', 'How many non-family roommates do you have?');
INSERT INTO survey_question (survey_question_id, american, british) VALUES (18, 'Are any of your roommates participating in this study?', 'Are any of your roommates participating in this study?');
INSERT INTO survey_question (survey_question_id, american, british) VALUES (19, 'Are you related to or live with any of the other participants in this study?', 'Are you related to or live with any of the other participants in this study?');
INSERT INTO survey_question (survey_question_id, american, british) VALUES (20, 'Do you have a dog(s)?', 'Do you have a dog(s)?');
INSERT INTO survey_question (survey_question_id, american, british) VALUES (21, 'Do you have a cat(s)?', 'Do you have a cat(s)?');
INSERT INTO survey_question (survey_question_id, american, british) VALUES (22, 'Which is your dominant hand?', 'Which is your dominant hand?');
INSERT INTO survey_question (survey_question_id, american, british) VALUES (23, 'What is your highest level of education?', 'What is your highest level of education?');
INSERT INTO survey_question (survey_question_id, american, british) VALUES (24, 'How often do you exercise?', 'How often do you exercise?');
INSERT INTO survey_question (survey_question_id, american, british) VALUES (25, 'Do you generally exercise indoors or outdoors?', 'Do you generally exercise indoors or outdoors?');
INSERT INTO survey_question (survey_question_id, american, british) VALUES (26, 'Do you bite your fingernails?', 'Do you bite your fingernails?');
INSERT INTO survey_question (survey_question_id, american, british) VALUES (27, 'How often do you use a swimming pool/hot tub?', 'How often do you use a swimming pool/hot tub?');
INSERT INTO survey_question (survey_question_id, american, british) VALUES (28, 'How often do you smoke cigarettes?', 'How often do you smoke cigarettes?');
INSERT INTO survey_question (survey_question_id, american, british) VALUES (29, 'How often do you drink alcohol?', 'How often do you drink alcohol?');
INSERT INTO survey_question (survey_question_id, american, british) VALUES (30, 'What type(s) of alcohol do you typically consume (select all that apply)?', 'What type(s) of alcohol do you typically consume (select all that apply)?');
INSERT INTO survey_question (survey_question_id, american, british) VALUES (31, 'How often do you brush your teeth?', 'How often do you brush your teeth?');
INSERT INTO survey_question (survey_question_id, american, british) VALUES (32, 'How often do you floss your teeth?', 'How often do you floss your teeth?');
INSERT INTO survey_question (survey_question_id, american, british) VALUES (33, 'How often do you wear facial cosmetics?', 'How often do you wear facial cosmetics?');
INSERT INTO survey_question (survey_question_id, american, british) VALUES (34, 'Do you use deodorant or antiperspirant (antiperspirants generally contain aluminum)?', 'Do you use deodorant or antiperspirant (antiperspirants generally contain aluminum)?');
INSERT INTO survey_question (survey_question_id, american, british) VALUES (35, 'Approximately how many hours of sleep to you get in an average night?', 'Approximately how many hours of sleep to you get in an average night?');
INSERT INTO survey_question (survey_question_id, american, british) VALUES (36, 'Do you use fabric softener when drying your clothes?', 'Do you use fabric softener when drying your clothes?');
INSERT INTO survey_question (survey_question_id, american, british) VALUES (37, 'How many times do you have a bowel movement in an average day?', 'How many times do you have a bowel movement in an average day?');
INSERT INTO survey_question (survey_question_id, american, british) VALUES (38, 'Describe the quality of your bowel movements:', 'Describe the quality of your bowel movements:');
INSERT INTO survey_question (survey_question_id, american, british) VALUES (39, 'I have taken antibiotics in the last ____________.', 'I have taken antibiotics in the last ____________.');
INSERT INTO survey_question (survey_question_id, american, british) VALUES (40, 'I have received a flu vaccine in the last ____________.', 'I have received a flu vaccine in the last ____________.');
INSERT INTO survey_question (survey_question_id, american, british) VALUES (41, 'Are you currently using some form of hormonal birth control?', 'Are you currently using some form of hormonal birth control?');
INSERT INTO survey_question (survey_question_id, american, british) VALUES (42, 'Are you currently pregnant?', 'Are you currently pregnant?');
INSERT INTO survey_question (survey_question_id, american, british) VALUES (43, 'My weight has _________ within the last 6 months.', 'My weight has _________ within the last 6 months.');
INSERT INTO survey_question (survey_question_id, american, british) VALUES (44, 'Have you had your tonsils removed?', 'Have you had your tonsils removed?');
INSERT INTO survey_question (survey_question_id, american, british) VALUES (45, 'Have you had you appendix removed?', 'Have you had you appendix removed?');
INSERT INTO survey_question (survey_question_id, american, british) VALUES (46, 'Have you had chickenpox?', 'Have you had chickenpox?');
INSERT INTO survey_question (survey_question_id, american, british) VALUES (47, 'Do you currently take prescription medication for facial acne?', 'Do you currently take prescription medication for facial acne?');
INSERT INTO survey_question (survey_question_id, american, british) VALUES (48, 'Do you use over the counter products to control facial acne?', 'Do you use over the counter products to control facial acne?');
INSERT INTO survey_question (survey_question_id, american, british) VALUES (49, 'Do you currently take over the counter or prescription medication for other conditions?', 'Do you currently take over the counter or prescription medication for other conditions?');
INSERT INTO survey_question (survey_question_id, american, british) VALUES (50, 'Were you born via Caesarean section (C-section)?', 'Were you born via Caesarean section (C-section)?');
INSERT INTO survey_question (survey_question_id, american, british) VALUES (51, 'How were you fed as an infant?', 'How were you fed as an infant?');
INSERT INTO survey_question (survey_question_id, american, british) VALUES (52, 'Are you willing to be contacted to answer additional questions about the conditions listed above?', 'Are you willing to be contacted to answer additional questions about the conditions listed above?');
INSERT INTO survey_question (survey_question_id, american, british) VALUES (53, 'Do you have seasonal allergies?', 'Do you have seasonal allergies?');
INSERT INTO survey_question (survey_question_id, american, british) VALUES (54, 'Do you have any of the following non-food allergies? (mark all that apply)', 'Do you have any of the following non-food allergies? (mark all that apply)');
INSERT INTO survey_question (survey_question_id, american, british) VALUES (55, 'Are you an infant who receives most of their nutrition from breast milk or formula, or an adult who receives most (more than 75% of daily calories) of their nutrition from adult nutritional shakes (i.e. Ensure)?', 'Are you an infant who receives most of their nutrition from breast milk or formula, or an adult who receives most (more than 75% of daily calories) of their nutrition from adult nutritional shakes (i.e. Ensure)?');
INSERT INTO survey_question (survey_question_id, american, british) VALUES (56, 'In an average week, how often do you consume meat/eggs?', 'In an average week, how often do you consume meat/eggs?');
INSERT INTO survey_question (survey_question_id, american, british) VALUES (57, 'In an average week, how often do you cook and consume home cooked meals? (Exclude ready-to-eat meals like boxed macaroni and cheese, ramen noodles, lean cuisine)', 'In an average week, how often do you cook and consume home cooked meals? (Exclude ready-to-eat meals like boxed macaroni and cheese, ramen noodles, lean cuisine)');
INSERT INTO survey_question (survey_question_id, american, british) VALUES (58, 'In an average week, how often do you consume ready-to-eat meals (i.e macaroni and cheese, ramen noodles, lean cuisine)?', 'In an average week, how often do you consume ready-to-eat meals (i.e macaroni and cheese, ramen noodles, lean cuisine)?');
INSERT INTO survey_question (survey_question_id, american, british) VALUES (59, 'In an average week, how often do you eat food prepared at a restaurant, including carry-out/take-out?', 'In an average week, how often do you eat food prepared at a restaurant, including carry-out/take-out?');
INSERT INTO survey_question (survey_question_id, american, british) VALUES (60, 'Have you ever been diagnosed with kidney disease?', 'Have you ever been diagnosed with kidney disease?');
INSERT INTO survey_question (survey_question_id, american, british) VALUES (61, 'In an average week, how often to you consume at least 2-3 servings of fruit in a day?', 'In an average week, how often to you consume at least 2-3 servings of fruit in a day?');
INSERT INTO survey_question (survey_question_id, american, british) VALUES (62, 'In an average week, how often do you consume at least 2-3 servings of vegetables, including potatoes in a day?', 'In an average week, how often do you consume at least 2-3 servings of vegetables, including potatoes in a day?');
INSERT INTO survey_question (survey_question_id, american, british) VALUES (63, 'How often do you consume one or more servings of fermented vegetables in or plant products a day in an average week?', 'How often do you consume one or more servings of fermented vegetables in or plant products a day in an average week?');
INSERT INTO survey_question (survey_question_id, american, british) VALUES (64, 'In an average week, how often do you consume at least 2 servings of milk or cheese a day?', 'In an average week, how often do you consume at least 2 servings of milk or cheese a day?');
INSERT INTO survey_question (survey_question_id, american, british) VALUES (65, 'In an average week, how often do you consume milk substitutes (soy milk, lactose free milk, almond milk, etc.)?', 'In an average week, how often do you consume milk substitutes (soy milk, lactose free milk, almond milk, etc.)?');
INSERT INTO survey_question (survey_question_id, american, british) VALUES (66, 'How often do you eat frozen desserts (ice cream/gelato/milkshakes, sherbet/sorbet, frozen yogurt, etc.)?', 'How often do you eat frozen desserts (ice cream/gelato/milkshakes, sherbet/sorbet, frozen yogurt, etc.)?');
INSERT INTO survey_question (survey_question_id, american, british) VALUES (67, 'In an average week, how often do you eat red meat?', 'In an average week, how often do you eat red meat?');
INSERT INTO survey_question (survey_question_id, american, british) VALUES (68, 'In an average week, how often do you consume higher fat red meats like prime rib, T-bone steak, hamburger, ribs, bacon, etc.?', 'In an average week, how often do you consume higher fat red meats like prime rib, T-bone steak, hamburger, ribs, bacon, etc.?');
INSERT INTO survey_question (survey_question_id, american, british) VALUES (69, 'How many days in an average week do you consume chicken or turkey at least once a day?', 'How many days in an average week do you consume chicken or turkey at least once a day?');
INSERT INTO survey_question (survey_question_id, american, british) VALUES (70, 'How many days in an average week do you consume seafood (fish, shrimp, lobster, crab, etc.)?', 'How many days in an average week do you consume seafood (fish, shrimp, lobster, crab, etc.)?');
INSERT INTO survey_question (survey_question_id, american, british) VALUES (71, 'How many days in an average week do you consume salted snacks (potato chips, nacho chips, corn chips, popcorn with butter, French fries etc.)?', 'How many days in an average week do you consume salted snacks (potato chips, nacho chips, corn chips, popcorn with butter, French fries etc.)?');
INSERT INTO survey_question (survey_question_id, american, british) VALUES (72, 'How many days in an average week do you consume sugary sweets (cake, cookies, pastries, donuts, muffins, chocolate etc.) at least once a day', 'How many days in an average week do you consume sugary sweets (cake, cookies, pastries, donuts, muffins, chocolate etc.) at least once a day');
INSERT INTO survey_question (survey_question_id, american, british) VALUES (73, 'Cook with olive oil?', 'Cook with olive oil?');
INSERT INTO survey_question (survey_question_id, american, british) VALUES (74, 'Consume whole eggs (does not include egg beaters or just egg whites).', 'Consume whole eggs (does not include egg beaters or just egg whites).');
INSERT INTO survey_question (survey_question_id, american, british) VALUES (75, 'Drink 16 ounces or more of sugar sweetened beverages such as non-diet soda or fruit drink/punch (however, not including 100 % fruit juice) in a day?', 'Drink 16 ounces or more of sugar sweetened beverages such as non-diet soda or fruit drink/punch (however, not including 100 % fruit juice) in a day?');
INSERT INTO survey_question (survey_question_id, american, british) VALUES (76, 'Consume at least 1L (~32 ounces) of water in a day?', 'Consume at least 1L (~32 ounces) of water in a day?');
INSERT INTO survey_question (survey_question_id, american, british) VALUES (77, 'Have you ever been diagnosed with Autism or Autism Spectrum Disorder?', 'Have you ever been diagnosed with Autism or Autism Spectrum Disorder?');
INSERT INTO survey_question (survey_question_id, american, british) VALUES (78, 'Have you ever been diagnosed with small intestinal bacterial overgrowth (SIBO)?', 'Have you ever been diagnosed with small intestinal bacterial overgrowth (SIBO)?');
INSERT INTO survey_question (survey_question_id, american, british) VALUES (79, 'Have you ever been diagnosed with irritable bowel syndrome (IBS)?', 'Have you ever been diagnosed with irritable bowel syndrome (IBS)?');
INSERT INTO survey_question (survey_question_id, american, british) VALUES (80, 'Have you ever been diagnosed with Clostridium difficile (C. diff) infection?', 'Have you ever been diagnosed with Clostridium difficile (C. diff) infection?');
INSERT INTO survey_question (survey_question_id, american, british) VALUES (81, 'Have you ever been diagnosed with any other relevant clinical condition?', 'Have you ever been diagnosed with any other relevant clinical condition?');
INSERT INTO survey_question (survey_question_id, american, british) VALUES (82, 'Have you ever been diagnosed with diabetes?', 'Have you ever been diagnosed with diabetes?');
INSERT INTO survey_question (survey_question_id, american, british) VALUES (83, 'Have you ever been diagnosed with inflammatory bowel disease (IBD)?', 'Have you ever been diagnosed with inflammatory bowel disease (IBD)?');
INSERT INTO survey_question (survey_question_id, american, british) VALUES (84, 'Have you ever been diagnosed with Alzheimer''s Disease/Dementia?', 'Have you ever been diagnosed with Alzheimer''s Disease/Dementia?');
INSERT INTO survey_question (survey_question_id, american, british) VALUES (85, 'Have you ever been diagnosed with ADD/ADHD?', 'Have you ever been diagnosed with ADD/ADHD?');
INSERT INTO survey_question (survey_question_id, american, british) VALUES (86, 'Have you ever been diagnosed with liver disease?', 'Have you ever been diagnosed with liver disease?');
INSERT INTO survey_question (survey_question_id, american, british) VALUES (87, 'Have you ever been diagnosed with Autoimmune disease (i.e. Lupus, RA, MS, Hashimoto''s thyroiditis), not including IBD (irritable bowel disease) or type I diabetes?', 'Have you ever been diagnosed with Autoimmune disease (i.e. Lupus, RA, MS, Hashimoto''s thyroiditis), not including IBD (irritable bowel disease) or type I diabetes?');
INSERT INTO survey_question (survey_question_id, american, british) VALUES (88, 'Have you ever been diagnosed with skin Condition?', 'Have you ever been diagnosed with skin Condition?');
INSERT INTO survey_question (survey_question_id, american, british) VALUES (89, 'Have you ever been diagnosed with coronary artery disease, heart disease, heart attack, stroke?', 'Have you ever been diagnosed with coronary artery disease, heart disease, heart attack, stroke?');
INSERT INTO survey_question (survey_question_id, american, british) VALUES (90, 'Have you ever been diagnosed with epilepsy or seizure disorder?', 'Have you ever been diagnosed with epilepsy or seizure disorder?');
INSERT INTO survey_question (survey_question_id, american, british) VALUES (91, 'In an average week, how often do you eat at least 2 servings of whole grains in a day?', 'In an average week, how often do you eat at least 2 servings of whole grains in a day?');
INSERT INTO survey_question (survey_question_id, american, british) VALUES (92, 'Have you ever been diagnosed with migraines?', 'Have you ever been diagnosed with migraines?');
INSERT INTO survey_question (survey_question_id, american, british) VALUES (93, 'Have you ever been diagnosed with Asthma, Cystic Fibrosis or Lung Disease?', 'Have you ever been diagnosed with Asthma, Cystic Fibrosis or Lung Disease?');
INSERT INTO survey_question (survey_question_id, american, british) VALUES (94, 'Have you ever been diagnosed with phenylketonuria?', 'Have you ever been diagnosed with phenylketonuria?');
INSERT INTO survey_question (survey_question_id, american, british) VALUES (95, 'Have you ever been diagnosed with Candida or fungal overgrowth in the gut?', 'Have you ever been diagnosed with Candida or fungal overgrowth in the gut?');
INSERT INTO survey_question (survey_question_id, american, british) VALUES (96, 'Have you ever been diagnosed with thyroid Disease?', 'Have you ever been diagnosed with thyroid Disease?');
INSERT INTO survey_question (survey_question_id, american, british) VALUES (97, 'Have you ever been diagnosed with depression, bipolar disorder or schizophrenia?', 'Have you ever been diagnosed with depression, bipolar disorder or schizophrenia?');
INSERT INTO survey_question (survey_question_id, american, british) VALUES (98, 'Pregnancy due date:', 'Pregnancy due date:');
INSERT INTO survey_question (survey_question_id, american, british) VALUES (99, 'Over the counter and prescription medication:', 'Over the counter and prescription medication:');
INSERT INTO survey_question (survey_question_id, american, british) VALUES (101, 'Is your dog indoor/outdoor or confined (cage/tank):', 'Is your dog indoor/outdoor or confined (cage/tank):');
INSERT INTO survey_question (survey_question_id, american, british) VALUES (103, 'Race/ethnicity:', 'Race/ethnicity:');
INSERT INTO survey_question (survey_question_id, american, british) VALUES (104, 'Dietary Supplements:', 'Dietary Supplements:');
INSERT INTO survey_question (survey_question_id, american, british) VALUES (105, 'Contact extent with dog:', 'Contact extent with dog:');
INSERT INTO survey_question (survey_question_id, american, british) VALUES (106, 'Other conditions you suffer from that were not listed in the diagnosed conditions question', 'Other conditions you suffer from that were not listed in the diagnosed conditions question');
INSERT INTO survey_question (survey_question_id, american, british) VALUES (107, 'Gender:', 'Gender:');
INSERT INTO survey_question (survey_question_id, american, british) VALUES (108, 'Height:', 'Height:');
INSERT INTO survey_question (survey_question_id, american, british) VALUES (109, 'Height units:', 'Height units:');
INSERT INTO survey_question (survey_question_id, american, british) VALUES (110, 'Country of birth:', 'Country of birth:');
INSERT INTO survey_question (survey_question_id, american, british) VALUES (111, 'Birth month:', 'Birth month:');
INSERT INTO survey_question (survey_question_id, american, british) VALUES (112, 'Birth year:', 'Birth year:');
INSERT INTO survey_question (survey_question_id, american, british) VALUES (113, 'Weight:', 'Weight:');
INSERT INTO survey_question (survey_question_id, american, british) VALUES (114, 'Weight units:', 'Weight units:');
INSERT INTO survey_question (survey_question_id, american, british) VALUES (115, 'Current ZIP code:', 'Current ZIP code:');
INSERT INTO survey_question (survey_question_id, american, british) VALUES (116, 'Please write anything else about yourself that you think could affect your personal microorganisms.', 'Please write anything else about yourself that you think could affect your personal microorganisms.');
INSERT INTO survey_question (survey_question_id, american, british) VALUES (117, 'Is your cat indoor/outdoor or confined (cage/tank):', 'Is your cat indoor/outdoor or confined (cage/tank):');
INSERT INTO survey_question (survey_question_id, american, british) VALUES (118, 'Dietary Restrictions:', 'Dietary Restrictions:');
INSERT INTO survey_question (survey_question_id, american, british) VALUES (119, 'Travel:', 'Travel:');
INSERT INTO survey_question (survey_question_id, american, british) VALUES (120 ,'What is your relationship to other people in this study who have voluntarily told you of their participation (e.g. partner, children, roommates)?  For children, please specify whether or not you are genetically related.  Note that we will only use information that both parties provide.', 'What is your relationship to other people in this study who have voluntarily told you of their participation (e.g. partner, children, roommates)?  For children, please specify whether or not you are genetically related.  Note that we will only use information that both parties provide.');
INSERT INTO survey_question (survey_question_id, american, british) VALUES (122, 'Contact extent with cat:', 'Contact extent with cat:');
INSERT INTO survey_question (survey_question_id, american, british) VALUES (124, 'Antibiotic used:', 'Antibiotic used:');
INSERT INTO survey_question (survey_question_id, american, british) VALUES (126, 'Treatment for:', 'Treatment for:');

----------------------------------------------------------
-- group_questions
----------------------------------------------------------

INSERT INTO group_questions (survey_group, survey_question_id, display_index) VALUES (3, 124, 1002);
INSERT INTO group_questions (survey_group, survey_question_id, display_index) VALUES (3, 126, 1004);

INSERT INTO group_questions (survey_group, survey_question_id, display_index) VALUES (1, 105, 1000);
INSERT INTO group_questions (survey_group, survey_question_id, display_index) VALUES (1, 122, 1001);
INSERT INTO group_questions (survey_group, survey_question_id, display_index) VALUES (4, 72, 0);
INSERT INTO group_questions (survey_group, survey_question_id, display_index) VALUES (4, 71, 1);
INSERT INTO group_questions (survey_group, survey_question_id, display_index) VALUES (4, 69, 2);
INSERT INTO group_questions (survey_group, survey_question_id, display_index) VALUES (4, 74, 3);
INSERT INTO group_questions (survey_group, survey_question_id, display_index) VALUES (4, 73, 4);
INSERT INTO group_questions (survey_group, survey_question_id, display_index) VALUES (4, 70, 5);
INSERT INTO group_questions (survey_group, survey_question_id, display_index) VALUES (4, 76, 6);
INSERT INTO group_questions (survey_group, survey_question_id, display_index) VALUES (4, 75, 7);
INSERT INTO group_questions (survey_group, survey_question_id, display_index) VALUES (4, 57, 8);
INSERT INTO group_questions (survey_group, survey_question_id, display_index) VALUES (4, 63, 9);
INSERT INTO group_questions (survey_group, survey_question_id, display_index) VALUES (4, 64, 10);
INSERT INTO group_questions (survey_group, survey_question_id, display_index) VALUES (4, 65, 11);
INSERT INTO group_questions (survey_group, survey_question_id, display_index) VALUES (4, 66, 12);
INSERT INTO group_questions (survey_group, survey_question_id, display_index) VALUES (4, 59, 13);
INSERT INTO group_questions (survey_group, survey_question_id, display_index) VALUES (4, 91, 14);
INSERT INTO group_questions (survey_group, survey_question_id, display_index) VALUES (4, 61, 15);
INSERT INTO group_questions (survey_group, survey_question_id, display_index) VALUES (4, 62, 16);
INSERT INTO group_questions (survey_group, survey_question_id, display_index) VALUES (4, 67, 17);
INSERT INTO group_questions (survey_group, survey_question_id, display_index) VALUES (4, 68, 18);
INSERT INTO group_questions (survey_group, survey_question_id, display_index) VALUES (4, 58, 19);
INSERT INTO group_questions (survey_group, survey_question_id, display_index) VALUES (4, 56, 20);
INSERT INTO group_questions (survey_group, survey_question_id, display_index) VALUES (4, 55, 21);
INSERT INTO group_questions (survey_group, survey_question_id, display_index) VALUES (0, 11, 0);
INSERT INTO group_questions (survey_group, survey_question_id, display_index) VALUES (0, 12, 1);
INSERT INTO group_questions (survey_group, survey_question_id, display_index) VALUES (0, 118, 2);
INSERT INTO group_questions (survey_group, survey_question_id, display_index) VALUES (0, 13, 3);
INSERT INTO group_questions (survey_group, survey_question_id, display_index) VALUES (0, 9, 4);
INSERT INTO group_questions (survey_group, survey_question_id, display_index) VALUES (0, 10, 5);
INSERT INTO group_questions (survey_group, survey_question_id, display_index) VALUES (0, 7, 6);
INSERT INTO group_questions (survey_group, survey_question_id, display_index) VALUES (0, 8, 7);
INSERT INTO group_questions (survey_group, survey_question_id, display_index) VALUES (0, 5, 8);
INSERT INTO group_questions (survey_group, survey_question_id, display_index) VALUES (0, 6, 9);
INSERT INTO group_questions (survey_group, survey_question_id, display_index) VALUES (0, 104, 10);
INSERT INTO group_questions (survey_group, survey_question_id, display_index) VALUES (0, 3, 11);
INSERT INTO group_questions (survey_group, survey_question_id, display_index) VALUES (0, 4, 12);
INSERT INTO group_questions (survey_group, survey_question_id, display_index) VALUES (0, 1, 13);
INSERT INTO group_questions (survey_group, survey_question_id, display_index) VALUES (0, 2, 14);
INSERT INTO group_questions (survey_group, survey_question_id, display_index) VALUES (2, 25, 0);
INSERT INTO group_questions (survey_group, survey_question_id, display_index) VALUES (2, 26, 1);
INSERT INTO group_questions (survey_group, survey_question_id, display_index) VALUES (2, 27, 2);
INSERT INTO group_questions (survey_group, survey_question_id, display_index) VALUES (2, 28, 3);
INSERT INTO group_questions (survey_group, survey_question_id, display_index) VALUES (2, 24, 4);
INSERT INTO group_questions (survey_group, survey_question_id, display_index) VALUES (2, 29, 5);
INSERT INTO group_questions (survey_group, survey_question_id, display_index) VALUES (2, 30, 6);
INSERT INTO group_questions (survey_group, survey_question_id, display_index) VALUES (2, 34, 7);
INSERT INTO group_questions (survey_group, survey_question_id, display_index) VALUES (2, 33, 8);
INSERT INTO group_questions (survey_group, survey_question_id, display_index) VALUES (2, 32, 9);
INSERT INTO group_questions (survey_group, survey_question_id, display_index) VALUES (2, 31, 10);
INSERT INTO group_questions (survey_group, survey_question_id, display_index) VALUES (2, 36, 11);
INSERT INTO group_questions (survey_group, survey_question_id, display_index) VALUES (2, 35, 12);
INSERT INTO group_questions (survey_group, survey_question_id, display_index) VALUES (3, 97, 0);
INSERT INTO group_questions (survey_group, survey_question_id, display_index) VALUES (3, 84, 1);
INSERT INTO group_questions (survey_group, survey_question_id, display_index) VALUES (3, 81, 2);
INSERT INTO group_questions (survey_group, survey_question_id, display_index) VALUES (3, 106, 3);
INSERT INTO group_questions (survey_group, survey_question_id, display_index) VALUES (3, 96, 4);
INSERT INTO group_questions (survey_group, survey_question_id, display_index) VALUES (3, 88, 5);
INSERT INTO group_questions (survey_group, survey_question_id, display_index) VALUES (3, 78, 6);
INSERT INTO group_questions (survey_group, survey_question_id, display_index) VALUES (3, 40, 7);
INSERT INTO group_questions (survey_group, survey_question_id, display_index) VALUES (3, 39, 8);
INSERT INTO group_questions (survey_group, survey_question_id, display_index) VALUES (3, 38, 10);
INSERT INTO group_questions (survey_group, survey_question_id, display_index) VALUES (3, 37, 11);
INSERT INTO group_questions (survey_group, survey_question_id, display_index) VALUES (3, 54, 12);
INSERT INTO group_questions (survey_group, survey_question_id, display_index) VALUES (3, 53, 13);
INSERT INTO group_questions (survey_group, survey_question_id, display_index) VALUES (3, 51, 14);
INSERT INTO group_questions (survey_group, survey_question_id, display_index) VALUES (3, 52, 15);
INSERT INTO group_questions (survey_group, survey_question_id, display_index) VALUES (3, 82, 16);
INSERT INTO group_questions (survey_group, survey_question_id, display_index) VALUES (3, 90, 17);
INSERT INTO group_questions (survey_group, survey_question_id, display_index) VALUES (3, 89, 18);
INSERT INTO group_questions (survey_group, survey_question_id, display_index) VALUES (3, 92, 19);
INSERT INTO group_questions (survey_group, survey_question_id, display_index) VALUES (3, 60, 20);
INSERT INTO group_questions (survey_group, survey_question_id, display_index) VALUES (3, 79, 21);
INSERT INTO group_questions (survey_group, survey_question_id, display_index) VALUES (3, 83, 22);
INSERT INTO group_questions (survey_group, survey_question_id, display_index) VALUES (3, 86, 23);
INSERT INTO group_questions (survey_group, survey_question_id, display_index) VALUES (3, 94, 24);
INSERT INTO group_questions (survey_group, survey_question_id, display_index) VALUES (3, 49, 25);
INSERT INTO group_questions (survey_group, survey_question_id, display_index) VALUES (3, 99, 26);
INSERT INTO group_questions (survey_group, survey_question_id, display_index) VALUES (3, 46, 27);
INSERT INTO group_questions (survey_group, survey_question_id, display_index) VALUES (3, 50, 28);
INSERT INTO group_questions (survey_group, survey_question_id, display_index) VALUES (3, 47, 29);
INSERT INTO group_questions (survey_group, survey_question_id, display_index) VALUES (3, 48, 30);
INSERT INTO group_questions (survey_group, survey_question_id, display_index) VALUES (3, 45, 31);
INSERT INTO group_questions (survey_group, survey_question_id, display_index) VALUES (3, 43, 32);
INSERT INTO group_questions (survey_group, survey_question_id, display_index) VALUES (3, 44, 33);
INSERT INTO group_questions (survey_group, survey_question_id, display_index) VALUES (3, 41, 34);
INSERT INTO group_questions (survey_group, survey_question_id, display_index) VALUES (3, 42, 35);
INSERT INTO group_questions (survey_group, survey_question_id, display_index) VALUES (3, 98, 36);
INSERT INTO group_questions (survey_group, survey_question_id, display_index) VALUES (3, 85, 37);
INSERT INTO group_questions (survey_group, survey_question_id, display_index) VALUES (3, 93, 38);
INSERT INTO group_questions (survey_group, survey_question_id, display_index) VALUES (3, 87, 39);
INSERT INTO group_questions (survey_group, survey_question_id, display_index) VALUES (3, 77, 40);
INSERT INTO group_questions (survey_group, survey_question_id, display_index) VALUES (3, 80, 41);
INSERT INTO group_questions (survey_group, survey_question_id, display_index) VALUES (3, 95, 42);
INSERT INTO group_questions (survey_group, survey_question_id, display_index) VALUES (1, 23, 0);
INSERT INTO group_questions (survey_group, survey_question_id, display_index) VALUES (1, 22, 1);
INSERT INTO group_questions (survey_group, survey_question_id, display_index) VALUES (1, 21, 2);
INSERT INTO group_questions (survey_group, survey_question_id, display_index) VALUES (1, 117, 3);
INSERT INTO group_questions (survey_group, survey_question_id, display_index) VALUES (1, 19, 4);
INSERT INTO group_questions (survey_group, survey_question_id, display_index) VALUES (1, 20, 5);
INSERT INTO group_questions (survey_group, survey_question_id, display_index) VALUES (1, 101, 6);
INSERT INTO group_questions (survey_group, survey_question_id, display_index) VALUES (1, 17, 7);
INSERT INTO group_questions (survey_group, survey_question_id, display_index) VALUES (1, 18, 8);
INSERT INTO group_questions (survey_group, survey_question_id, display_index) VALUES (1, 120, 9);
INSERT INTO group_questions (survey_group, survey_question_id, display_index) VALUES (1, 15, 10);
INSERT INTO group_questions (survey_group, survey_question_id, display_index) VALUES (1, 16, 11);
INSERT INTO group_questions (survey_group, survey_question_id, display_index) VALUES (1, 119, 12);
INSERT INTO group_questions (survey_group, survey_question_id, display_index) VALUES (1, 14, 13);
INSERT INTO group_questions (survey_group, survey_question_id, display_index) VALUES (1, 103, 14);
-- personal prompt
INSERT INTO group_questions (survey_group, survey_question_id, display_index) VALUES (-1, 107, 0);
INSERT INTO group_questions (survey_group, survey_question_id, display_index) VALUES (-1, 108, 1);
INSERT INTO group_questions (survey_group, survey_question_id, display_index) VALUES (-1, 109, 2);
INSERT INTO group_questions (survey_group, survey_question_id, display_index) VALUES (-1, 110, 3);
INSERT INTO group_questions (survey_group, survey_question_id, display_index) VALUES (-1, 111, 4);
INSERT INTO group_questions (survey_group, survey_question_id, display_index) VALUES (-1, 112, 5);
INSERT INTO group_questions (survey_group, survey_question_id, display_index) VALUES (-1, 113, 6);
INSERT INTO group_questions (survey_group, survey_question_id, display_index) VALUES (-1, 114, 7);
INSERT INTO group_questions (survey_group, survey_question_id, display_index) VALUES (-1, 115, 8);
-- about yourself
INSERT INTO group_questions (survey_group, survey_question_id, display_index) VALUES (5, 116, 0);

----------------------------------------------------------
-- survey_response_types
----------------------------------------------------------
INSERT INTO survey_response_types (survey_response_type) VALUES ('TEXT');
INSERT INTO survey_response_types (survey_response_type) VALUES ('SINGLE');
INSERT INTO survey_response_types (survey_response_type) VALUES ('MULTIPLE');
INSERT INTO survey_response_types (survey_response_type) VALUES ('STRING');

----------------------------------------------------------
-- survey_question_response_type
----------------------------------------------------------
INSERT INTO survey_question_response_type (survey_question_id, survey_response_type) VALUES (82, 'SINGLE');
INSERT INTO survey_question_response_type (survey_question_id, survey_response_type) VALUES (90, 'SINGLE');
INSERT INTO survey_question_response_type (survey_question_id, survey_response_type) VALUES (89, 'SINGLE');
INSERT INTO survey_question_response_type (survey_question_id, survey_response_type) VALUES (97, 'SINGLE');
INSERT INTO survey_question_response_type (survey_question_id, survey_response_type) VALUES (92, 'SINGLE');
INSERT INTO survey_question_response_type (survey_question_id, survey_response_type) VALUES (60, 'SINGLE');
INSERT INTO survey_question_response_type (survey_question_id, survey_response_type) VALUES (79, 'SINGLE');
INSERT INTO survey_question_response_type (survey_question_id, survey_response_type) VALUES (83, 'SINGLE');
INSERT INTO survey_question_response_type (survey_question_id, survey_response_type) VALUES (86, 'SINGLE');
INSERT INTO survey_question_response_type (survey_question_id, survey_response_type) VALUES (94, 'SINGLE');
INSERT INTO survey_question_response_type (survey_question_id, survey_response_type) VALUES (9, 'MULTIPLE');
INSERT INTO survey_question_response_type (survey_question_id, survey_response_type) VALUES (10, 'SINGLE');
INSERT INTO survey_question_response_type (survey_question_id, survey_response_type) VALUES (7, 'SINGLE');
INSERT INTO survey_question_response_type (survey_question_id, survey_response_type) VALUES (8, 'SINGLE');
INSERT INTO survey_question_response_type (survey_question_id, survey_response_type) VALUES (5, 'SINGLE');
INSERT INTO survey_question_response_type (survey_question_id, survey_response_type) VALUES (6, 'SINGLE');
INSERT INTO survey_question_response_type (survey_question_id, survey_response_type) VALUES (3, 'SINGLE');
INSERT INTO survey_question_response_type (survey_question_id, survey_response_type) VALUES (4, 'SINGLE');
INSERT INTO survey_question_response_type (survey_question_id, survey_response_type) VALUES (1, 'SINGLE');
INSERT INTO survey_question_response_type (survey_question_id, survey_response_type) VALUES (2, 'SINGLE');
INSERT INTO survey_question_response_type (survey_question_id, survey_response_type) VALUES (72, 'SINGLE');
INSERT INTO survey_question_response_type (survey_question_id, survey_response_type) VALUES (71, 'SINGLE');
INSERT INTO survey_question_response_type (survey_question_id, survey_response_type) VALUES (70, 'SINGLE');
INSERT INTO survey_question_response_type (survey_question_id, survey_response_type) VALUES (69, 'SINGLE');
INSERT INTO survey_question_response_type (survey_question_id, survey_response_type) VALUES (76, 'SINGLE');
INSERT INTO survey_question_response_type (survey_question_id, survey_response_type) VALUES (75, 'SINGLE');
INSERT INTO survey_question_response_type (survey_question_id, survey_response_type) VALUES (74, 'SINGLE');
INSERT INTO survey_question_response_type (survey_question_id, survey_response_type) VALUES (73, 'SINGLE');
INSERT INTO survey_question_response_type (survey_question_id, survey_response_type) VALUES (81, 'SINGLE');
INSERT INTO survey_question_response_type (survey_question_id, survey_response_type) VALUES (96, 'SINGLE');
INSERT INTO survey_question_response_type (survey_question_id, survey_response_type) VALUES (88, 'SINGLE');
INSERT INTO survey_question_response_type (survey_question_id, survey_response_type) VALUES (78, 'SINGLE');
INSERT INTO survey_question_response_type (survey_question_id, survey_response_type) VALUES (11, 'SINGLE');
INSERT INTO survey_question_response_type (survey_question_id, survey_response_type) VALUES (12, 'SINGLE');
INSERT INTO survey_question_response_type (survey_question_id, survey_response_type) VALUES (13, 'SINGLE');
INSERT INTO survey_question_response_type (survey_question_id, survey_response_type) VALUES (23, 'SINGLE');
INSERT INTO survey_question_response_type (survey_question_id, survey_response_type) VALUES (22, 'SINGLE');
INSERT INTO survey_question_response_type (survey_question_id, survey_response_type) VALUES (21, 'SINGLE');
INSERT INTO survey_question_response_type (survey_question_id, survey_response_type) VALUES (63, 'SINGLE');
INSERT INTO survey_question_response_type (survey_question_id, survey_response_type) VALUES (64, 'SINGLE');
INSERT INTO survey_question_response_type (survey_question_id, survey_response_type) VALUES (65, 'SINGLE');
INSERT INTO survey_question_response_type (survey_question_id, survey_response_type) VALUES (66, 'SINGLE');
INSERT INTO survey_question_response_type (survey_question_id, survey_response_type) VALUES (59, 'SINGLE');
INSERT INTO survey_question_response_type (survey_question_id, survey_response_type) VALUES (91, 'SINGLE');
INSERT INTO survey_question_response_type (survey_question_id, survey_response_type) VALUES (61, 'SINGLE');
INSERT INTO survey_question_response_type (survey_question_id, survey_response_type) VALUES (62, 'SINGLE');
INSERT INTO survey_question_response_type (survey_question_id, survey_response_type) VALUES (67, 'SINGLE');
INSERT INTO survey_question_response_type (survey_question_id, survey_response_type) VALUES (68, 'SINGLE');
INSERT INTO survey_question_response_type (survey_question_id, survey_response_type) VALUES (17, 'SINGLE');
INSERT INTO survey_question_response_type (survey_question_id, survey_response_type) VALUES (33, 'SINGLE');
INSERT INTO survey_question_response_type (survey_question_id, survey_response_type) VALUES (58, 'SINGLE');
INSERT INTO survey_question_response_type (survey_question_id, survey_response_type) VALUES (15, 'SINGLE');
INSERT INTO survey_question_response_type (survey_question_id, survey_response_type) VALUES (84, 'SINGLE');
INSERT INTO survey_question_response_type (survey_question_id, survey_response_type) VALUES (31, 'SINGLE');
INSERT INTO survey_question_response_type (survey_question_id, survey_response_type) VALUES (40, 'SINGLE');
INSERT INTO survey_question_response_type (survey_question_id, survey_response_type) VALUES (39, 'SINGLE');
INSERT INTO survey_question_response_type (survey_question_id, survey_response_type) VALUES (38, 'SINGLE');
INSERT INTO survey_question_response_type (survey_question_id, survey_response_type) VALUES (37, 'SINGLE');
INSERT INTO survey_question_response_type (survey_question_id, survey_response_type) VALUES (19, 'SINGLE');
INSERT INTO survey_question_response_type (survey_question_id, survey_response_type) VALUES (20, 'SINGLE');
INSERT INTO survey_question_response_type (survey_question_id, survey_response_type) VALUES (34, 'SINGLE');
INSERT INTO survey_question_response_type (survey_question_id, survey_response_type) VALUES (18, 'SINGLE');
INSERT INTO survey_question_response_type (survey_question_id, survey_response_type) VALUES (32, 'SINGLE');
INSERT INTO survey_question_response_type (survey_question_id, survey_response_type) VALUES (16, 'SINGLE');
INSERT INTO survey_question_response_type (survey_question_id, survey_response_type) VALUES (14, 'SINGLE');
INSERT INTO survey_question_response_type (survey_question_id, survey_response_type) VALUES (36, 'SINGLE');
INSERT INTO survey_question_response_type (survey_question_id, survey_response_type) VALUES (35, 'SINGLE');
INSERT INTO survey_question_response_type (survey_question_id, survey_response_type) VALUES (49, 'SINGLE');
INSERT INTO survey_question_response_type (survey_question_id, survey_response_type) VALUES (50, 'SINGLE');
INSERT INTO survey_question_response_type (survey_question_id, survey_response_type) VALUES (47, 'SINGLE');
INSERT INTO survey_question_response_type (survey_question_id, survey_response_type) VALUES (48, 'SINGLE');
INSERT INTO survey_question_response_type (survey_question_id, survey_response_type) VALUES (45, 'SINGLE');
INSERT INTO survey_question_response_type (survey_question_id, survey_response_type) VALUES (46, 'SINGLE');
INSERT INTO survey_question_response_type (survey_question_id, survey_response_type) VALUES (43, 'SINGLE');
INSERT INTO survey_question_response_type (survey_question_id, survey_response_type) VALUES (44, 'SINGLE');
INSERT INTO survey_question_response_type (survey_question_id, survey_response_type) VALUES (41, 'SINGLE');
INSERT INTO survey_question_response_type (survey_question_id, survey_response_type) VALUES (42, 'SINGLE');
INSERT INTO survey_question_response_type (survey_question_id, survey_response_type) VALUES (25, 'SINGLE');
INSERT INTO survey_question_response_type (survey_question_id, survey_response_type) VALUES (26, 'SINGLE');
INSERT INTO survey_question_response_type (survey_question_id, survey_response_type) VALUES (27, 'SINGLE');
INSERT INTO survey_question_response_type (survey_question_id, survey_response_type) VALUES (28, 'SINGLE');
INSERT INTO survey_question_response_type (survey_question_id, survey_response_type) VALUES (24, 'SINGLE');
INSERT INTO survey_question_response_type (survey_question_id, survey_response_type) VALUES (29, 'SINGLE');
INSERT INTO survey_question_response_type (survey_question_id, survey_response_type) VALUES (30, 'MULTIPLE');
INSERT INTO survey_question_response_type (survey_question_id, survey_response_type) VALUES (54, 'MULTIPLE');
INSERT INTO survey_question_response_type (survey_question_id, survey_response_type) VALUES (53, 'SINGLE');
INSERT INTO survey_question_response_type (survey_question_id, survey_response_type) VALUES (51, 'SINGLE');
INSERT INTO survey_question_response_type (survey_question_id, survey_response_type) VALUES (52, 'SINGLE');
INSERT INTO survey_question_response_type (survey_question_id, survey_response_type) VALUES (85, 'SINGLE');
INSERT INTO survey_question_response_type (survey_question_id, survey_response_type) VALUES (93, 'SINGLE');
INSERT INTO survey_question_response_type (survey_question_id, survey_response_type) VALUES (57, 'SINGLE');
INSERT INTO survey_question_response_type (survey_question_id, survey_response_type) VALUES (87, 'SINGLE');
INSERT INTO survey_question_response_type (survey_question_id, survey_response_type) VALUES (77, 'SINGLE');
INSERT INTO survey_question_response_type (survey_question_id, survey_response_type) VALUES (80, 'SINGLE');
INSERT INTO survey_question_response_type (survey_question_id, survey_response_type) VALUES (95, 'SINGLE');
INSERT INTO survey_question_response_type (survey_question_id, survey_response_type) VALUES (56, 'SINGLE');
INSERT INTO survey_question_response_type (survey_question_id, survey_response_type) VALUES (55, 'SINGLE');
-- personal prompt
INSERT INTO survey_question_response_type (survey_question_id, survey_response_type) VALUES (107, 'SINGLE');
INSERT INTO survey_question_response_type (survey_question_id, survey_response_type) VALUES (108, 'STRING');
INSERT INTO survey_question_response_type (survey_question_id, survey_response_type) VALUES (109, 'SINGLE');
INSERT INTO survey_question_response_type (survey_question_id, survey_response_type) VALUES (110, 'SINGLE');
INSERT INTO survey_question_response_type (survey_question_id, survey_response_type) VALUES (111, 'SINGLE');
INSERT INTO survey_question_response_type (survey_question_id, survey_response_type) VALUES (112, 'SINGLE');
INSERT INTO survey_question_response_type (survey_question_id, survey_response_type) VALUES (113, 'STRING');
INSERT INTO survey_question_response_type (survey_question_id, survey_response_type) VALUES (114, 'SINGLE');
INSERT INTO survey_question_response_type (survey_question_id, survey_response_type) VALUES (115, 'STRING');
-- about yourself
INSERT INTO survey_question_response_type (survey_question_id, survey_response_type) VALUES (116, 'TEXT');
-- supplements
INSERT INTO survey_question_response_type (survey_question_id, survey_response_type) VALUES (98, 'TEXT');
INSERT INTO survey_question_response_type (survey_question_id, survey_response_type) VALUES (99, 'TEXT');
INSERT INTO survey_question_response_type (survey_question_id, survey_response_type) VALUES (101, 'TEXT');
INSERT INTO survey_question_response_type (survey_question_id, survey_response_type) VALUES (103, 'TEXT');
INSERT INTO survey_question_response_type (survey_question_id, survey_response_type) VALUES (104, 'TEXT');
INSERT INTO survey_question_response_type (survey_question_id, survey_response_type) VALUES (105, 'TEXT');
INSERT INTO survey_question_response_type (survey_question_id, survey_response_type) VALUES (106, 'TEXT');
INSERT INTO survey_question_response_type (survey_question_id, survey_response_type) VALUES (117, 'TEXT');
INSERT INTO survey_question_response_type (survey_question_id, survey_response_type) VALUES (118, 'TEXT');
INSERT INTO survey_question_response_type (survey_question_id, survey_response_type) VALUES (119, 'TEXT');
INSERT INTO survey_question_response_type (survey_question_id, survey_response_type) VALUES (120, 'TEXT');
INSERT INTO survey_question_response_type (survey_question_id, survey_response_type) VALUES (122, 'TEXT');
INSERT INTO survey_question_response_type (survey_question_id, survey_response_type) VALUES (124, 'TEXT');
INSERT INTO survey_question_response_type (survey_question_id, survey_response_type) VALUES (126, 'TEXT');

----------------------------------------------------------
-- survey_response
----------------------------------------------------------
INSERT INTO survey_response (american, british) VALUES ('Did not complete high school', 'Did not complete high school');
INSERT INTO survey_response (american, british) VALUES ('Five or more', 'Five or more');
INSERT INTO survey_response (american, british) VALUES ('I eat both solid food and formula/breast milk', 'I eat both solid food and formula/breast milk');
INSERT INTO survey_response (american, british) VALUES ('Beestings', 'Beestings');
INSERT INTO survey_response (american, british) VALUES ('Remained stable', 'Remained stable');
INSERT INTO survey_response (american, british) VALUES ('High School or GED equilivant', 'High School or GED equilivant');
INSERT INTO survey_response (american, british) VALUES ('Self-diagnosed', 'Self-diagnosed');
INSERT INTO survey_response (american, british) VALUES ('I tend to have normal formed stool', 'I tend to have normal formed stool');
INSERT INTO survey_response (american, british) VALUES ('Red wine', 'Red wine');
INSERT INTO survey_response (american, british) VALUES ('Tree nuts', 'Tree nuts');
INSERT INTO survey_response (american, british) VALUES ('Bottled', 'Bottled');
INSERT INTO survey_response (american, british) VALUES ('Both', 'Both');
INSERT INTO survey_response (american, british) VALUES ('Three', 'Three');
INSERT INTO survey_response (american, british) VALUES ('Yes, I use the NuvaRing', 'Yes, I use the NuvaRing');
INSERT INTO survey_response (american, british) VALUES ('Decreased more than 10 pounds', 'Decreased more than 10 pounds');
INSERT INTO survey_response (american, british) VALUES ('Graduate or Professional degree', 'Graduate or Professional degree');
INSERT INTO survey_response (american, british) VALUES ('Drug (e.g. Penicillin)', 'Drug (e.g. Penicillin)');
INSERT INTO survey_response (american, british) VALUES ('Sour beers', 'Sour beers');
INSERT INTO survey_response (american, british) VALUES ('Four', 'Four');
INSERT INTO survey_response (american, british) VALUES ('Rarely (less than once/week)', 'Rarely (less than once/week)');
INSERT INTO survey_response (american, british) VALUES ('I use deodorant', 'I use deodorant');
INSERT INTO survey_response (american, british) VALUES ('Sun', 'Sun');
INSERT INTO survey_response (american, british) VALUES ('Some college or technical school', 'Some college or technical school');
INSERT INTO survey_response (american, british) VALUES ('White wine', 'White wine');
INSERT INTO survey_response (american, british) VALUES ('Peanuts', 'Peanuts');
INSERT INTO survey_response (american, british) VALUES ('Less than one', 'Less than one');
INSERT INTO survey_response (american, british) VALUES ('I was diagnosed with gluten allergy (anti-gluten IgG), but not celiac disease', 'I was diagnosed with gluten allergy (anti-gluten IgG), but not celiac disease');
INSERT INTO survey_response (american, british) VALUES ('Bachelor''s degree', 'Bachelor''s degree');
INSERT INTO survey_response (american, british) VALUES ('Not sure', 'Not sure');
INSERT INTO survey_response (american, british) VALUES ('Yes, I am taking the "pill"', 'Yes, I am taking the "pill"');
INSERT INTO survey_response (american, british) VALUES ('Within the past month', 'Within the past month');
INSERT INTO survey_response (american, british) VALUES ('Increased more than 10 pounds', 'Increased more than 10 pounds');
INSERT INTO survey_response (american, british) VALUES ('1 year', '1 year');
INSERT INTO survey_response (american, british) VALUES ('Pet dander', 'Pet dander');
INSERT INTO survey_response (american, british) VALUES ('None', 'None');
INSERT INTO survey_response (american, british) VALUES ('I am right handed', 'I am right handed');
INSERT INTO survey_response (american, british) VALUES ('Rarely (a few times/month)', 'Rarely (a few times/month)');
INSERT INTO survey_response (american, british) VALUES ('Daily', 'Daily');
INSERT INTO survey_response (american, british) VALUES ('City', 'City');
INSERT INTO survey_response (american, british) VALUES ('6-7 hours', '6-7 hours');
INSERT INTO survey_response (american, british) VALUES ('Outdoors', 'Outdoors');
INSERT INTO survey_response (american, british) VALUES ('7-8 hours', '7-8 hours');
INSERT INTO survey_response (american, british) VALUES ('I don''t know, I do not have a point of reference', 'I don''t know, I do not have a point of reference');
INSERT INTO survey_response (american, british) VALUES ('I was diagnosed with celiac disease', 'I was diagnosed with celiac disease');
INSERT INTO survey_response (american, british) VALUES ('I do not have this condition', 'I do not have this condition');
INSERT INTO survey_response (american, british) VALUES ('Month', 'Month');
INSERT INTO survey_response (american, british) VALUES ('Less than 5 hours', 'Less than 5 hours');
INSERT INTO survey_response (american, british) VALUES ('Occasionally (1-2 times/week)', 'Occasionally (1-2 times/week)');
INSERT INTO survey_response (american, british) VALUES ('Asian or Pacific Islander', 'Asian or Pacific Islander');
INSERT INTO survey_response (american, british) VALUES ('Yes', 'Yes');
INSERT INTO survey_response (american, british) VALUES ('I have not been outside of my country of residence in the past year.', 'I have not been outside of my country of residence in the past year.');
INSERT INTO survey_response (american, british) VALUES ('8 or more hours', '8 or more hours');
INSERT INTO survey_response (american, british) VALUES ('I use an antiperspirant', 'I use an antiperspirant');
INSERT INTO survey_response (american, british) VALUES ('Shellfish', 'Shellfish');
INSERT INTO survey_response (american, british) VALUES ('No', 'No');
INSERT INTO survey_response (american, british) VALUES ('Within the past 3 months', 'Within the past 3 months');
INSERT INTO survey_response (american, british) VALUES ('Two', 'Two');
INSERT INTO survey_response (american, british) VALUES ('Unspecified', 'Unspecified');
INSERT INTO survey_response (american, british) VALUES ('Primarily breast milk', 'Primarily breast milk');
INSERT INTO survey_response (american, british) VALUES ('Filtered', 'Filtered');
INSERT INTO survey_response (american, british) VALUES ('6 months', '6 months');
INSERT INTO survey_response (american, british) VALUES ('Week', 'Week');
INSERT INTO survey_response (american, british) VALUES ('I have not taken antibiotics in the past year.', 'I have not taken antibiotics in the past year.');
INSERT INTO survey_response (american, british) VALUES ('Yes, I use a contraceptive patch (Ortho-Evra)', 'Yes, I use a contraceptive patch (Ortho-Evra)');
INSERT INTO survey_response (american, british) VALUES ('Vegan', 'Vegan');
INSERT INTO survey_response (american, british) VALUES ('Diagnosed by a medical professional (doctor, physician assistant)', 'Diagnosed by a medical professional (doctor, physician assistant)');
INSERT INTO survey_response (american, british) VALUES ('Vegetarian but eat seafood', 'Vegetarian but eat seafood');
INSERT INTO survey_response (american, british) VALUES ('Poison ivy/oak', 'Poison ivy/oak');
INSERT INTO survey_response (american, british) VALUES ('3 months', '3 months');
INSERT INTO survey_response (american, british) VALUES ('Vegetarian', 'Vegetarian');
INSERT INTO survey_response (american, british) VALUES ('Well', 'Well');
INSERT INTO survey_response (american, british) VALUES ('I tend to have diarrhea (watery stool)', 'I tend to have diarrhea (watery stool)');
INSERT INTO survey_response (american, british) VALUES ('Omnivore but do not eat red meat', 'Omnivore but do not eat red meat');
INSERT INTO survey_response (american, british) VALUES ('Hispanic', 'Hispanic');
INSERT INTO survey_response (american, british) VALUES ('Associate''s degree', 'Associate''s degree');
INSERT INTO survey_response (american, british) VALUES ('Primarily infant formula', 'Primarily infant formula');
INSERT INTO survey_response (american, british) VALUES ('Diagnosed by an alternative medicine practitioner', 'Diagnosed by an alternative medicine practitioner');
INSERT INTO survey_response (american, british) VALUES ('African American', 'African American');
INSERT INTO survey_response (american, british) VALUES ('5-6 hours', '5-6 hours');
INSERT INTO survey_response (american, british) VALUES ('Within the past 6 months', 'Within the past 6 months');
INSERT INTO survey_response (american, british) VALUES ('I have no food allergies that I know of.', 'I have no food allergies that I know of.');
INSERT INTO survey_response (american, british) VALUES ('More than three', 'More than three');
INSERT INTO survey_response (american, british) VALUES ('Omnivore', 'Omnivore');
INSERT INTO survey_response (american, british) VALUES ('Some graduate school or professional', 'Some graduate school or professional');
INSERT INTO survey_response (american, british) VALUES ('Other', 'Other');
INSERT INTO survey_response (american, british) VALUES ('I am ambidextrous', 'I am ambidextrous');
INSERT INTO survey_response (american, british) VALUES ('Caucasian', 'Caucasian');
INSERT INTO survey_response (american, british) VALUES ('Within the past year', 'Within the past year');
INSERT INTO survey_response (american, british) VALUES ('I do not use deodorant or an antiperspirant', 'I do not use deodorant or an antiperspirant');
INSERT INTO survey_response (american, british) VALUES ('Never', 'Never');
INSERT INTO survey_response (american, british) VALUES ('Yes, I use an injected contraceptive (DMPA)', 'Yes, I use an injected contraceptive (DMPA)');
INSERT INTO survey_response (american, british) VALUES ('Beer/Cider', 'Beer/Cider');
INSERT INTO survey_response (american, british) VALUES ('Depends on the season', 'Depends on the season');
INSERT INTO survey_response (american, british) VALUES ('None of the above', 'None of the above');
INSERT INTO survey_response (american, british) VALUES ('A mixture of breast milk and formula', 'A mixture of breast milk and formula');
INSERT INTO survey_response (american, british) VALUES ('Not sure, but I use some form of deodorant/antiperspirant', 'Not sure, but I use some form of deodorant/antiperspirant');
INSERT INTO survey_response (american, british) VALUES ('I do not eat gluten because it makes me feel bad', 'I do not eat gluten because it makes me feel bad');
INSERT INTO survey_response (american, british) VALUES ('I have lived in my current state of residence for more than a year.', 'I have lived in my current state of residence for more than a year.');
INSERT INTO survey_response (american, british) VALUES ('Spirits/hard alcohol', 'Spirits/hard alcohol');
INSERT INTO survey_response (american, british) VALUES ('I tend to be constipated (have difficulty passing stool)', 'I tend to be constipated (have difficulty passing stool)');
INSERT INTO survey_response (american, british) VALUES ('One', 'One');
INSERT INTO survey_response (american, british) VALUES ('Indoors', 'Indoors');
INSERT INTO survey_response (american, british) VALUES ('Year', 'Year');
INSERT INTO survey_response (american, british) VALUES ('I am left handed', 'I am left handed');
INSERT INTO survey_response (american, british) VALUES ('I have not gotten the flu vaccine in the past year.', 'I have not gotten the flu vaccine in the past year.');
INSERT INTO survey_response (american, british) VALUES ('Yes, I use a hormonal IUD (Mirena)', 'Yes, I use a hormonal IUD (Mirena)');
INSERT INTO survey_response (american, british) VALUES ('Regularly (3-5 times/week)', 'Regularly (3-5 times/week)');
INSERT INTO survey_response (american, british) VALUES ('inches', 'inches');
INSERT INTO survey_response (american, british) VALUES ('centimeters', 'centimeters');
INSERT INTO survey_response (american, british) VALUES ('pounds', 'pounds');
INSERT INTO survey_response (american, british) VALUES ('kilograms', 'kilograms');
-- countries
INSERT INTO survey_response (american, british) VALUES ('Afghanistan', 'Afghanistan');
INSERT INTO survey_response (american, british) VALUES ('Aland Islands', 'Aland Islands');
INSERT INTO survey_response (american, british) VALUES ('Albania', 'Albania');
INSERT INTO survey_response (american, british) VALUES ('Algeria', 'Algeria');
INSERT INTO survey_response (american, british) VALUES ('American Samoa', 'American Samoa');
INSERT INTO survey_response (american, british) VALUES ('Andorra', 'Andorra');
INSERT INTO survey_response (american, british) VALUES ('Angola', 'Angola');
INSERT INTO survey_response (american, british) VALUES ('Anguilla', 'Anguilla');
INSERT INTO survey_response (american, british) VALUES ('Antarctica', 'Antarctica');
INSERT INTO survey_response (american, british) VALUES ('Antigua and Barbuda', 'Antigua and Barbuda');
INSERT INTO survey_response (american, british) VALUES ('Argentina', 'Argentina');
INSERT INTO survey_response (american, british) VALUES ('Armenia', 'Armenia');
INSERT INTO survey_response (american, british) VALUES ('Aruba', 'Aruba');
INSERT INTO survey_response (american, british) VALUES ('Australia', 'Australia');
INSERT INTO survey_response (american, british) VALUES ('Austria', 'Austria');
INSERT INTO survey_response (american, british) VALUES ('Azerbaijan', 'Azerbaijan');
INSERT INTO survey_response (american, british) VALUES ('Bahamas', 'Bahamas');
INSERT INTO survey_response (american, british) VALUES ('Bahrain', 'Bahrain');
INSERT INTO survey_response (american, british) VALUES ('Bangladesh', 'Bangladesh');
INSERT INTO survey_response (american, british) VALUES ('Barbados', 'Barbados');
INSERT INTO survey_response (american, british) VALUES ('Belarus', 'Belarus');
INSERT INTO survey_response (american, british) VALUES ('Belgium', 'Belgium');
INSERT INTO survey_response (american, british) VALUES ('Belize', 'Belize');
INSERT INTO survey_response (american, british) VALUES ('Benin', 'Benin');
INSERT INTO survey_response (american, british) VALUES ('Bermuda', 'Bermuda');
INSERT INTO survey_response (american, british) VALUES ('Bhutan', 'Bhutan');
INSERT INTO survey_response (american, british) VALUES ('Bolivia', 'Bolivia');
INSERT INTO survey_response (american, british) VALUES ('Bosnia and Herzegovina', 'Bosnia and Herzegovina');
INSERT INTO survey_response (american, british) VALUES ('Botswana', 'Botswana');
INSERT INTO survey_response (american, british) VALUES ('Bouvet Island', 'Bouvet Island');
INSERT INTO survey_response (american, british) VALUES ('Brazil', 'Brazil');
INSERT INTO survey_response (american, british) VALUES ('British Indian Ocean Territory', 'British Indian Ocean Territory');
INSERT INTO survey_response (american, british) VALUES ('Brunei Darussalam', 'Brunei Darussalam');
INSERT INTO survey_response (american, british) VALUES ('Bulgaria', 'Bulgaria');
INSERT INTO survey_response (american, british) VALUES ('Burkina Faso', 'Burkina Faso');
INSERT INTO survey_response (american, british) VALUES ('Burundi', 'Burundi');
INSERT INTO survey_response (american, british) VALUES ('Cambodia', 'Cambodia');
INSERT INTO survey_response (american, british) VALUES ('Cameroon', 'Cameroon');
INSERT INTO survey_response (american, british) VALUES ('Canada', 'Canada');
INSERT INTO survey_response (american, british) VALUES ('Cape Verde', 'Cape Verde');
INSERT INTO survey_response (american, british) VALUES ('Cayman Islands', 'Cayman Islands');
INSERT INTO survey_response (american, british) VALUES ('Central African Republic', 'Central African Republic');
INSERT INTO survey_response (american, british) VALUES ('Chad', 'Chad');
INSERT INTO survey_response (american, british) VALUES ('Chile', 'Chile');
INSERT INTO survey_response (american, british) VALUES ('China', 'China');
INSERT INTO survey_response (american, british) VALUES ('Christmas Island', 'Christmas Island');
INSERT INTO survey_response (american, british) VALUES ('Cocos (Keeling) Islands', 'Cocos (Keeling) Islands');
INSERT INTO survey_response (american, british) VALUES ('Colombia', 'Colombia');
INSERT INTO survey_response (american, british) VALUES ('Comoros', 'Comoros');
INSERT INTO survey_response (american, british) VALUES ('Congo', 'Congo');
INSERT INTO survey_response (american, british) VALUES ('Congo, The Democratic Republic of The', 'Congo, The Democratic Republic of The');
INSERT INTO survey_response (american, british) VALUES ('Cook Islands', 'Cook Islands');
INSERT INTO survey_response (american, british) VALUES ('Costa Rica', 'Costa Rica');
INSERT INTO survey_response (american, british) VALUES ('Cote D''ivoire', 'Cote D''ivoire');
INSERT INTO survey_response (american, british) VALUES ('Croatia', 'Croatia');
INSERT INTO survey_response (american, british) VALUES ('Cuba', 'Cuba');
INSERT INTO survey_response (american, british) VALUES ('Cyprus', 'Cyprus');
INSERT INTO survey_response (american, british) VALUES ('Czech Republic', 'Czech Republic');
INSERT INTO survey_response (american, british) VALUES ('Denmark', 'Denmark');
INSERT INTO survey_response (american, british) VALUES ('Djibouti', 'Djibouti');
INSERT INTO survey_response (american, british) VALUES ('Dominica', 'Dominica');
INSERT INTO survey_response (american, british) VALUES ('Dominican Republic', 'Dominican Republic');
INSERT INTO survey_response (american, british) VALUES ('Ecuador', 'Ecuador');
INSERT INTO survey_response (american, british) VALUES ('Egypt', 'Egypt');
INSERT INTO survey_response (american, british) VALUES ('El Salvador', 'El Salvador');
INSERT INTO survey_response (american, british) VALUES ('Equatorial Guinea', 'Equatorial Guinea');
INSERT INTO survey_response (american, british) VALUES ('Eritrea', 'Eritrea');
INSERT INTO survey_response (american, british) VALUES ('Estonia', 'Estonia');
INSERT INTO survey_response (american, british) VALUES ('Ethiopia', 'Ethiopia');
INSERT INTO survey_response (american, british) VALUES ('Falkland Islands (Malvinas)', 'Falkland Islands (Malvinas)');
INSERT INTO survey_response (american, british) VALUES ('Faroe Islands', 'Faroe Islands');
INSERT INTO survey_response (american, british) VALUES ('Fiji', 'Fiji');
INSERT INTO survey_response (american, british) VALUES ('Finland', 'Finland');
INSERT INTO survey_response (american, british) VALUES ('France', 'France');
INSERT INTO survey_response (american, british) VALUES ('French Guiana', 'French Guiana');
INSERT INTO survey_response (american, british) VALUES ('French Polynesia', 'French Polynesia');
INSERT INTO survey_response (american, british) VALUES ('French Southern Territories', 'French Southern Territories');
INSERT INTO survey_response (american, british) VALUES ('Gabon', 'Gabon');
INSERT INTO survey_response (american, british) VALUES ('Gambia', 'Gambia');
INSERT INTO survey_response (american, british) VALUES ('Georgia', 'Georgia');
INSERT INTO survey_response (american, british) VALUES ('Germany', 'Germany');
INSERT INTO survey_response (american, british) VALUES ('Ghana', 'Ghana');
INSERT INTO survey_response (american, british) VALUES ('Gibraltar', 'Gibraltar');
INSERT INTO survey_response (american, british) VALUES ('Greece', 'Greece');
INSERT INTO survey_response (american, british) VALUES ('Greenland', 'Greenland');
INSERT INTO survey_response (american, british) VALUES ('Grenada', 'Grenada');
INSERT INTO survey_response (american, british) VALUES ('Guadeloupe', 'Guadeloupe');
INSERT INTO survey_response (american, british) VALUES ('Guam', 'Guam');
INSERT INTO survey_response (american, british) VALUES ('Guatemala', 'Guatemala');
INSERT INTO survey_response (american, british) VALUES ('Guernsey', 'Guernsey');
INSERT INTO survey_response (american, british) VALUES ('Guinea', 'Guinea');
INSERT INTO survey_response (american, british) VALUES ('Guinea-bissau', 'Guinea-bissau');
INSERT INTO survey_response (american, british) VALUES ('Guyana', 'Guyana');
INSERT INTO survey_response (american, british) VALUES ('Haiti', 'Haiti');
INSERT INTO survey_response (american, british) VALUES ('Heard Island and Mcdonald Islands', 'Heard Island and Mcdonald Islands');
INSERT INTO survey_response (american, british) VALUES ('Holy See (Vatican City State)', 'Holy See (Vatican City State)');
INSERT INTO survey_response (american, british) VALUES ('Honduras', 'Honduras');
INSERT INTO survey_response (american, british) VALUES ('Hong Kong', 'Hong Kong');
INSERT INTO survey_response (american, british) VALUES ('Hungary', 'Hungary');
INSERT INTO survey_response (american, british) VALUES ('Iceland', 'Iceland');
INSERT INTO survey_response (american, british) VALUES ('India', 'India');
INSERT INTO survey_response (american, british) VALUES ('Indonesia', 'Indonesia');
INSERT INTO survey_response (american, british) VALUES ('Iran, Islamic Republic of', 'Iran, Islamic Republic of');
INSERT INTO survey_response (american, british) VALUES ('Iraq', 'Iraq');
INSERT INTO survey_response (american, british) VALUES ('Ireland', 'Ireland');
INSERT INTO survey_response (american, british) VALUES ('Isle of Man', 'Isle of Man');
INSERT INTO survey_response (american, british) VALUES ('Israel', 'Israel');
INSERT INTO survey_response (american, british) VALUES ('Italy', 'Italy');
INSERT INTO survey_response (american, british) VALUES ('Jamaica', 'Jamaica');
INSERT INTO survey_response (american, british) VALUES ('Japan', 'Japan');
INSERT INTO survey_response (american, british) VALUES ('Jersey', 'Jersey');
INSERT INTO survey_response (american, british) VALUES ('Jordan', 'Jordan');
INSERT INTO survey_response (american, british) VALUES ('Kazakhstan', 'Kazakhstan');
INSERT INTO survey_response (american, british) VALUES ('Kenya', 'Kenya');
INSERT INTO survey_response (american, british) VALUES ('Kiribati', 'Kiribati');
INSERT INTO survey_response (american, british) VALUES ('Korea, Democratic People''s Republic of', 'Korea, Democratic People''s Republic of');
INSERT INTO survey_response (american, british) VALUES ('Korea, Republic of', 'Korea, Republic of');
INSERT INTO survey_response (american, british) VALUES ('Kuwait', 'Kuwait');
INSERT INTO survey_response (american, british) VALUES ('Kyrgyzstan', 'Kyrgyzstan');
INSERT INTO survey_response (american, british) VALUES ('Lao People''s Democratic Republic', 'Lao People''s Democratic Republic');
INSERT INTO survey_response (american, british) VALUES ('Latvia', 'Latvia');
INSERT INTO survey_response (american, british) VALUES ('Lebanon', 'Lebanon');
INSERT INTO survey_response (american, british) VALUES ('Lesotho', 'Lesotho');
INSERT INTO survey_response (american, british) VALUES ('Liberia', 'Liberia');
INSERT INTO survey_response (american, british) VALUES ('Libyan Arab Jamahiriya', 'Libyan Arab Jamahiriya');
INSERT INTO survey_response (american, british) VALUES ('Liechtenstein', 'Liechtenstein');
INSERT INTO survey_response (american, british) VALUES ('Lithuania', 'Lithuania');
INSERT INTO survey_response (american, british) VALUES ('Luxembourg', 'Luxembourg');
INSERT INTO survey_response (american, british) VALUES ('Macao', 'Macao');
INSERT INTO survey_response (american, british) VALUES ('Macedonia, The Former Yugoslav Republic of', 'Macedonia, The Former Yugoslav Republic of');
INSERT INTO survey_response (american, british) VALUES ('Madagascar', 'Madagascar');
INSERT INTO survey_response (american, british) VALUES ('Malawi', 'Malawi');
INSERT INTO survey_response (american, british) VALUES ('Malaysia', 'Malaysia');
INSERT INTO survey_response (american, british) VALUES ('Maldives', 'Maldives');
INSERT INTO survey_response (american, british) VALUES ('Mali', 'Mali');
INSERT INTO survey_response (american, british) VALUES ('Malta', 'Malta');
INSERT INTO survey_response (american, british) VALUES ('Marshall Islands', 'Marshall Islands');
INSERT INTO survey_response (american, british) VALUES ('Martinique', 'Martinique');
INSERT INTO survey_response (american, british) VALUES ('Mauritania', 'Mauritania');
INSERT INTO survey_response (american, british) VALUES ('Mauritius', 'Mauritius');
INSERT INTO survey_response (american, british) VALUES ('Mayotte', 'Mayotte');
INSERT INTO survey_response (american, british) VALUES ('Mexico', 'Mexico');
INSERT INTO survey_response (american, british) VALUES ('Micronesia, Federated States of', 'Micronesia, Federated States of');
INSERT INTO survey_response (american, british) VALUES ('Moldova, Republic of', 'Moldova, Republic of');
INSERT INTO survey_response (american, british) VALUES ('Monaco', 'Monaco');
INSERT INTO survey_response (american, british) VALUES ('Mongolia', 'Mongolia');
INSERT INTO survey_response (american, british) VALUES ('Montenegro', 'Montenegro');
INSERT INTO survey_response (american, british) VALUES ('Montserrat', 'Montserrat');
INSERT INTO survey_response (american, british) VALUES ('Morocco', 'Morocco');
INSERT INTO survey_response (american, british) VALUES ('Mozambique', 'Mozambique');
INSERT INTO survey_response (american, british) VALUES ('Myanmar', 'Myanmar');
INSERT INTO survey_response (american, british) VALUES ('Namibia', 'Namibia');
INSERT INTO survey_response (american, british) VALUES ('Nauru', 'Nauru');
INSERT INTO survey_response (american, british) VALUES ('Nepal', 'Nepal');
INSERT INTO survey_response (american, british) VALUES ('Netherlands', 'Netherlands');
INSERT INTO survey_response (american, british) VALUES ('Netherlands Antilles', 'Netherlands Antilles');
INSERT INTO survey_response (american, british) VALUES ('New Caledonia', 'New Caledonia');
INSERT INTO survey_response (american, british) VALUES ('New Zealand', 'New Zealand');
INSERT INTO survey_response (american, british) VALUES ('Nicaragua', 'Nicaragua');
INSERT INTO survey_response (american, british) VALUES ('Niger', 'Niger');
INSERT INTO survey_response (american, british) VALUES ('Nigeria', 'Nigeria');
INSERT INTO survey_response (american, british) VALUES ('Niue', 'Niue');
INSERT INTO survey_response (american, british) VALUES ('Norfolk Island', 'Norfolk Island');
INSERT INTO survey_response (american, british) VALUES ('Northern Mariana Islands', 'Northern Mariana Islands');
INSERT INTO survey_response (american, british) VALUES ('Norway', 'Norway');
INSERT INTO survey_response (american, british) VALUES ('Oman', 'Oman');
INSERT INTO survey_response (american, british) VALUES ('Pakistan', 'Pakistan');
INSERT INTO survey_response (american, british) VALUES ('Palau', 'Palau');
INSERT INTO survey_response (american, british) VALUES ('Palestinian Territory, Occupied', 'Palestinian Territory, Occupied');
INSERT INTO survey_response (american, british) VALUES ('Panama', 'Panama');
INSERT INTO survey_response (american, british) VALUES ('Papua New Guinea', 'Papua New Guinea');
INSERT INTO survey_response (american, british) VALUES ('Paraguay', 'Paraguay');
INSERT INTO survey_response (american, british) VALUES ('Peru', 'Peru');
INSERT INTO survey_response (american, british) VALUES ('Philippines', 'Philippines');
INSERT INTO survey_response (american, british) VALUES ('Pitcairn', 'Pitcairn');
INSERT INTO survey_response (american, british) VALUES ('Poland', 'Poland');
INSERT INTO survey_response (american, british) VALUES ('Portugal', 'Portugal');
INSERT INTO survey_response (american, british) VALUES ('Puerto Rico', 'Puerto Rico');
INSERT INTO survey_response (american, british) VALUES ('Qatar', 'Qatar');
INSERT INTO survey_response (american, british) VALUES ('Reunion', 'Reunion');
INSERT INTO survey_response (american, british) VALUES ('Romania', 'Romania');
INSERT INTO survey_response (american, british) VALUES ('Russian Federation', 'Russian Federation');
INSERT INTO survey_response (american, british) VALUES ('Rwanda', 'Rwanda');
INSERT INTO survey_response (american, british) VALUES ('Saint Helena', 'Saint Helena');
INSERT INTO survey_response (american, british) VALUES ('Saint Kitts and Nevis', 'Saint Kitts and Nevis');
INSERT INTO survey_response (american, british) VALUES ('Saint Lucia', 'Saint Lucia');
INSERT INTO survey_response (american, british) VALUES ('Saint Pierre and Miquelon', 'Saint Pierre and Miquelon');
INSERT INTO survey_response (american, british) VALUES ('Saint Vincent and The Grenadines', 'Saint Vincent and The Grenadines');
INSERT INTO survey_response (american, british) VALUES ('Samoa', 'Samoa');
INSERT INTO survey_response (american, british) VALUES ('San Marino', 'San Marino');
INSERT INTO survey_response (american, british) VALUES ('Sao Tome and Principe', 'Sao Tome and Principe');
INSERT INTO survey_response (american, british) VALUES ('Saudi Arabia', 'Saudi Arabia');
INSERT INTO survey_response (american, british) VALUES ('Senegal', 'Senegal');
INSERT INTO survey_response (american, british) VALUES ('Serbia', 'Serbia');
INSERT INTO survey_response (american, british) VALUES ('Seychelles', 'Seychelles');
INSERT INTO survey_response (american, british) VALUES ('Sierra Leone', 'Sierra Leone');
INSERT INTO survey_response (american, british) VALUES ('Singapore', 'Singapore');
INSERT INTO survey_response (american, british) VALUES ('Slovakia', 'Slovakia');
INSERT INTO survey_response (american, british) VALUES ('Slovenia', 'Slovenia');
INSERT INTO survey_response (american, british) VALUES ('Solomon Islands', 'Solomon Islands');
INSERT INTO survey_response (american, british) VALUES ('Somalia', 'Somalia');
INSERT INTO survey_response (american, british) VALUES ('South Africa', 'South Africa');
INSERT INTO survey_response (american, british) VALUES ('South Georgia and The South Sandwich Islands', 'South Georgia and The South Sandwich Islands');
INSERT INTO survey_response (american, british) VALUES ('Spain', 'Spain');
INSERT INTO survey_response (american, british) VALUES ('Sri Lanka', 'Sri Lanka');
INSERT INTO survey_response (american, british) VALUES ('Sudan', 'Sudan');
INSERT INTO survey_response (american, british) VALUES ('Suriname', 'Suriname');
INSERT INTO survey_response (american, british) VALUES ('Svalbard and Jan Mayen', 'Svalbard and Jan Mayen');
INSERT INTO survey_response (american, british) VALUES ('Swaziland', 'Swaziland');
INSERT INTO survey_response (american, british) VALUES ('Sweden', 'Sweden');
INSERT INTO survey_response (american, british) VALUES ('Switzerland', 'Switzerland');
INSERT INTO survey_response (american, british) VALUES ('Syrian Arab Republic', 'Syrian Arab Republic');
INSERT INTO survey_response (american, british) VALUES ('Taiwan, Province of China', 'Taiwan, Province of China');
INSERT INTO survey_response (american, british) VALUES ('Tajikistan', 'Tajikistan');
INSERT INTO survey_response (american, british) VALUES ('Tanzania, United Republic of', 'Tanzania, United Republic of');
INSERT INTO survey_response (american, british) VALUES ('Thailand', 'Thailand');
INSERT INTO survey_response (american, british) VALUES ('Timor-leste', 'Timor-leste');
INSERT INTO survey_response (american, british) VALUES ('Togo', 'Togo');
INSERT INTO survey_response (american, british) VALUES ('Tokelau', 'Tokelau');
INSERT INTO survey_response (american, british) VALUES ('Tonga', 'Tonga');
INSERT INTO survey_response (american, british) VALUES ('Trinidad and Tobago', 'Trinidad and Tobago');
INSERT INTO survey_response (american, british) VALUES ('Tunisia', 'Tunisia');
INSERT INTO survey_response (american, british) VALUES ('Turkey', 'Turkey');
INSERT INTO survey_response (american, british) VALUES ('Turkmenistan', 'Turkmenistan');
INSERT INTO survey_response (american, british) VALUES ('Turks and Caicos Islands', 'Turks and Caicos Islands');
INSERT INTO survey_response (american, british) VALUES ('Tuvalu', 'Tuvalu');
INSERT INTO survey_response (american, british) VALUES ('Uganda', 'Uganda');
INSERT INTO survey_response (american, british) VALUES ('Ukraine', 'Ukraine');
INSERT INTO survey_response (american, british) VALUES ('United Arab Emirates', 'United Arab Emirates');
INSERT INTO survey_response (american, british) VALUES ('United Kingdom', 'United Kingdom');
INSERT INTO survey_response (american, british) VALUES ('United States', 'United States');
INSERT INTO survey_response (american, british) VALUES ('United States Minor Outlying Islands', 'United States Minor Outlying Islands');
INSERT INTO survey_response (american, british) VALUES ('Uruguay', 'Uruguay');
INSERT INTO survey_response (american, british) VALUES ('Uzbekistan', 'Uzbekistan');
INSERT INTO survey_response (american, british) VALUES ('Vanuatu', 'Vanuatu');
INSERT INTO survey_response (american, british) VALUES ('Venezuela', 'Venezuela');
INSERT INTO survey_response (american, british) VALUES ('Viet Nam', 'Viet Nam');
INSERT INTO survey_response (american, british) VALUES ('Virgin Islands, British', 'Virgin Islands, British');
INSERT INTO survey_response (american, british) VALUES ('Virgin Islands, U.S.', 'Virgin Islands, U.S.');
INSERT INTO survey_response (american, british) VALUES ('Wallis and Futuna', 'Wallis and Futuna');
INSERT INTO survey_response (american, british) VALUES ('Western Sahara', 'Western Sahara');
INSERT INTO survey_response (american, british) VALUES ('Yemen', 'Yemen');
INSERT INTO survey_response (american, british) VALUES ('Zambia', 'Zambia');
INSERT INTO survey_response (american, british) VALUES ('Zimbabwe', 'Zimbabwe');
-- months
INSERT INTO survey_response (american, british) VALUES ('January', 'January');
INSERT INTO survey_response (american, british) VALUES ('February', 'February');
INSERT INTO survey_response (american, british) VALUES ('March', 'March');
INSERT INTO survey_response (american, british) VALUES ('April', 'April');
INSERT INTO survey_response (american, british) VALUES ('May', 'May');
INSERT INTO survey_response (american, british) VALUES ('June', 'June');
INSERT INTO survey_response (american, british) VALUES ('July', 'July');
INSERT INTO survey_response (american, british) VALUES ('August', 'August');
INSERT INTO survey_response (american, british) VALUES ('September', 'September');
INSERT INTO survey_response (american, british) VALUES ('October', 'October');
INSERT INTO survey_response (american, british) VALUES ('November', 'November');
INSERT INTO survey_response (american, british) VALUES ('December', 'December');
-- years
INSERT INTO survey_response (american, british) VALUES ('1890', '1890');
INSERT INTO survey_response (american, british) VALUES ('1891', '1891');
INSERT INTO survey_response (american, british) VALUES ('1892', '1892');
INSERT INTO survey_response (american, british) VALUES ('1893', '1893');
INSERT INTO survey_response (american, british) VALUES ('1894', '1894');
INSERT INTO survey_response (american, british) VALUES ('1895', '1895');
INSERT INTO survey_response (american, british) VALUES ('1896', '1896');
INSERT INTO survey_response (american, british) VALUES ('1897', '1897');
INSERT INTO survey_response (american, british) VALUES ('1898', '1898');
INSERT INTO survey_response (american, british) VALUES ('1899', '1899');
INSERT INTO survey_response (american, british) VALUES ('1900', '1900');
INSERT INTO survey_response (american, british) VALUES ('1901', '1901');
INSERT INTO survey_response (american, british) VALUES ('1902', '1902');
INSERT INTO survey_response (american, british) VALUES ('1903', '1903');
INSERT INTO survey_response (american, british) VALUES ('1904', '1904');
INSERT INTO survey_response (american, british) VALUES ('1905', '1905');
INSERT INTO survey_response (american, british) VALUES ('1906', '1906');
INSERT INTO survey_response (american, british) VALUES ('1907', '1907');
INSERT INTO survey_response (american, british) VALUES ('1908', '1908');
INSERT INTO survey_response (american, british) VALUES ('1909', '1909');
INSERT INTO survey_response (american, british) VALUES ('1910', '1910');
INSERT INTO survey_response (american, british) VALUES ('1911', '1911');
INSERT INTO survey_response (american, british) VALUES ('1912', '1912');
INSERT INTO survey_response (american, british) VALUES ('1913', '1913');
INSERT INTO survey_response (american, british) VALUES ('1914', '1914');
INSERT INTO survey_response (american, british) VALUES ('1915', '1915');
INSERT INTO survey_response (american, british) VALUES ('1916', '1916');
INSERT INTO survey_response (american, british) VALUES ('1917', '1917');
INSERT INTO survey_response (american, british) VALUES ('1918', '1918');
INSERT INTO survey_response (american, british) VALUES ('1919', '1919');
INSERT INTO survey_response (american, british) VALUES ('1920', '1920');
INSERT INTO survey_response (american, british) VALUES ('1921', '1921');
INSERT INTO survey_response (american, british) VALUES ('1922', '1922');
INSERT INTO survey_response (american, british) VALUES ('1923', '1923');
INSERT INTO survey_response (american, british) VALUES ('1924', '1924');
INSERT INTO survey_response (american, british) VALUES ('1925', '1925');
INSERT INTO survey_response (american, british) VALUES ('1926', '1926');
INSERT INTO survey_response (american, british) VALUES ('1927', '1927');
INSERT INTO survey_response (american, british) VALUES ('1928', '1928');
INSERT INTO survey_response (american, british) VALUES ('1929', '1929');
INSERT INTO survey_response (american, british) VALUES ('1930', '1930');
INSERT INTO survey_response (american, british) VALUES ('1931', '1931');
INSERT INTO survey_response (american, british) VALUES ('1932', '1932');
INSERT INTO survey_response (american, british) VALUES ('1933', '1933');
INSERT INTO survey_response (american, british) VALUES ('1934', '1934');
INSERT INTO survey_response (american, british) VALUES ('1935', '1935');
INSERT INTO survey_response (american, british) VALUES ('1936', '1936');
INSERT INTO survey_response (american, british) VALUES ('1937', '1937');
INSERT INTO survey_response (american, british) VALUES ('1938', '1938');
INSERT INTO survey_response (american, british) VALUES ('1939', '1939');
INSERT INTO survey_response (american, british) VALUES ('1940', '1940');
INSERT INTO survey_response (american, british) VALUES ('1941', '1941');
INSERT INTO survey_response (american, british) VALUES ('1942', '1942');
INSERT INTO survey_response (american, british) VALUES ('1943', '1943');
INSERT INTO survey_response (american, british) VALUES ('1944', '1944');
INSERT INTO survey_response (american, british) VALUES ('1945', '1945');
INSERT INTO survey_response (american, british) VALUES ('1946', '1946');
INSERT INTO survey_response (american, british) VALUES ('1947', '1947');
INSERT INTO survey_response (american, british) VALUES ('1948', '1948');
INSERT INTO survey_response (american, british) VALUES ('1949', '1949');
INSERT INTO survey_response (american, british) VALUES ('1950', '1950');
INSERT INTO survey_response (american, british) VALUES ('1951', '1951');
INSERT INTO survey_response (american, british) VALUES ('1952', '1952');
INSERT INTO survey_response (american, british) VALUES ('1953', '1953');
INSERT INTO survey_response (american, british) VALUES ('1954', '1954');
INSERT INTO survey_response (american, british) VALUES ('1955', '1955');
INSERT INTO survey_response (american, british) VALUES ('1956', '1956');
INSERT INTO survey_response (american, british) VALUES ('1957', '1957');
INSERT INTO survey_response (american, british) VALUES ('1958', '1958');
INSERT INTO survey_response (american, british) VALUES ('1959', '1959');
INSERT INTO survey_response (american, british) VALUES ('1960', '1960');
INSERT INTO survey_response (american, british) VALUES ('1961', '1961');
INSERT INTO survey_response (american, british) VALUES ('1962', '1962');
INSERT INTO survey_response (american, british) VALUES ('1963', '1963');
INSERT INTO survey_response (american, british) VALUES ('1964', '1964');
INSERT INTO survey_response (american, british) VALUES ('1965', '1965');
INSERT INTO survey_response (american, british) VALUES ('1966', '1966');
INSERT INTO survey_response (american, british) VALUES ('1967', '1967');
INSERT INTO survey_response (american, british) VALUES ('1968', '1968');
INSERT INTO survey_response (american, british) VALUES ('1969', '1969');
INSERT INTO survey_response (american, british) VALUES ('1970', '1970');
INSERT INTO survey_response (american, british) VALUES ('1971', '1971');
INSERT INTO survey_response (american, british) VALUES ('1972', '1972');
INSERT INTO survey_response (american, british) VALUES ('1973', '1973');
INSERT INTO survey_response (american, british) VALUES ('1974', '1974');
INSERT INTO survey_response (american, british) VALUES ('1975', '1975');
INSERT INTO survey_response (american, british) VALUES ('1976', '1976');
INSERT INTO survey_response (american, british) VALUES ('1977', '1977');
INSERT INTO survey_response (american, british) VALUES ('1978', '1978');
INSERT INTO survey_response (american, british) VALUES ('1979', '1979');
INSERT INTO survey_response (american, british) VALUES ('1980', '1980');
INSERT INTO survey_response (american, british) VALUES ('1981', '1981');
INSERT INTO survey_response (american, british) VALUES ('1982', '1982');
INSERT INTO survey_response (american, british) VALUES ('1983', '1983');
INSERT INTO survey_response (american, british) VALUES ('1984', '1984');
INSERT INTO survey_response (american, british) VALUES ('1985', '1985');
INSERT INTO survey_response (american, british) VALUES ('1986', '1986');
INSERT INTO survey_response (american, british) VALUES ('1987', '1987');
INSERT INTO survey_response (american, british) VALUES ('1988', '1988');
INSERT INTO survey_response (american, british) VALUES ('1989', '1989');
INSERT INTO survey_response (american, british) VALUES ('1990', '1990');
INSERT INTO survey_response (american, british) VALUES ('1991', '1991');
INSERT INTO survey_response (american, british) VALUES ('1992', '1992');
INSERT INTO survey_response (american, british) VALUES ('1993', '1993');
INSERT INTO survey_response (american, british) VALUES ('1994', '1994');
INSERT INTO survey_response (american, british) VALUES ('1995', '1995');
INSERT INTO survey_response (american, british) VALUES ('1996', '1996');
INSERT INTO survey_response (american, british) VALUES ('1997', '1997');
INSERT INTO survey_response (american, british) VALUES ('1998', '1998');
INSERT INTO survey_response (american, british) VALUES ('1999', '1999');
INSERT INTO survey_response (american, british) VALUES ('2000', '2000');
INSERT INTO survey_response (american, british) VALUES ('2001', '2001');
INSERT INTO survey_response (american, british) VALUES ('2002', '2002');
INSERT INTO survey_response (american, british) VALUES ('2003', '2003');
INSERT INTO survey_response (american, british) VALUES ('2004', '2004');
INSERT INTO survey_response (american, british) VALUES ('2005', '2005');
INSERT INTO survey_response (american, british) VALUES ('2006', '2006');
INSERT INTO survey_response (american, british) VALUES ('2007', '2007');
INSERT INTO survey_response (american, british) VALUES ('2008', '2008');
INSERT INTO survey_response (american, british) VALUES ('2009', '2009');
INSERT INTO survey_response (american, british) VALUES ('2010', '2010');
INSERT INTO survey_response (american, british) VALUES ('2011', '2011');
INSERT INTO survey_response (american, british) VALUES ('2012', '2012');
INSERT INTO survey_response (american, british) VALUES ('2013', '2013');
INSERT INTO survey_response (american, british) VALUES ('2014', '2014');
--gender
INSERT INTO survey_response (american, british) VALUES ('Male', 'Male');
INSERT INTO survey_response (american, british) VALUES ('Female', 'Female');

----------------------------------------------------------
-- survey_question_response
----------------------------------------------------------
INSERT INTO survey_question_response (survey_question_id, response, display_index) VALUES (1, 'Unspecified', 0);
INSERT INTO survey_question_response (survey_question_id, response, display_index) VALUES (1, 'Omnivore', 1);
INSERT INTO survey_question_response (survey_question_id, response, display_index) VALUES (1, 'Omnivore but do not eat red meat', 2);
INSERT INTO survey_question_response (survey_question_id, response, display_index) VALUES (1, 'Vegetarian', 3);
INSERT INTO survey_question_response (survey_question_id, response, display_index) VALUES (1, 'Vegetarian but eat seafood', 4);
INSERT INTO survey_question_response (survey_question_id, response, display_index) VALUES (1, 'Vegan', 5);
INSERT INTO survey_question_response (survey_question_id, response, display_index) VALUES (2, 'Unspecified', 0);
INSERT INTO survey_question_response (survey_question_id, response, display_index) VALUES (2, 'Yes', 1);
INSERT INTO survey_question_response (survey_question_id, response, display_index) VALUES (2, 'No', 2);
INSERT INTO survey_question_response (survey_question_id, response, display_index) VALUES (3, 'Unspecified', 0);
INSERT INTO survey_question_response (survey_question_id, response, display_index) VALUES (3, 'Never', 1);
INSERT INTO survey_question_response (survey_question_id, response, display_index) VALUES (3, 'Rarely (a few times/month)', 2);
INSERT INTO survey_question_response (survey_question_id, response, display_index) VALUES (3, 'Occasionally (1-2 times/week)', 3);
INSERT INTO survey_question_response (survey_question_id, response, display_index) VALUES (3, 'Regularly (3-5 times/week)', 4);
INSERT INTO survey_question_response (survey_question_id, response, display_index) VALUES (3, 'Daily', 5);
INSERT INTO survey_question_response (survey_question_id, response, display_index) VALUES (4, 'Unspecified', 0);
INSERT INTO survey_question_response (survey_question_id, response, display_index) VALUES (4, 'Never', 1);
INSERT INTO survey_question_response (survey_question_id, response, display_index) VALUES (4, 'Rarely (a few times/month)', 2);
INSERT INTO survey_question_response (survey_question_id, response, display_index) VALUES (4, 'Occasionally (1-2 times/week)', 3);
INSERT INTO survey_question_response (survey_question_id, response, display_index) VALUES (4, 'Regularly (3-5 times/week)', 4);
INSERT INTO survey_question_response (survey_question_id, response, display_index) VALUES (4, 'Daily', 5);
INSERT INTO survey_question_response (survey_question_id, response, display_index) VALUES (5, 'Unspecified', 0);
INSERT INTO survey_question_response (survey_question_id, response, display_index) VALUES (5, 'Never', 1);
INSERT INTO survey_question_response (survey_question_id, response, display_index) VALUES (5, 'Rarely (a few times/month)', 2);
INSERT INTO survey_question_response (survey_question_id, response, display_index) VALUES (5, 'Occasionally (1-2 times/week)', 3);
INSERT INTO survey_question_response (survey_question_id, response, display_index) VALUES (5, 'Regularly (3-5 times/week)', 4);
INSERT INTO survey_question_response (survey_question_id, response, display_index) VALUES (5, 'Daily', 5);
INSERT INTO survey_question_response (survey_question_id, response, display_index) VALUES (6, 'Unspecified', 0);
INSERT INTO survey_question_response (survey_question_id, response, display_index) VALUES (6, 'Yes', 1);
INSERT INTO survey_question_response (survey_question_id, response, display_index) VALUES (6, 'No', 2);
INSERT INTO survey_question_response (survey_question_id, response, display_index) VALUES (7, 'Unspecified', 0);
INSERT INTO survey_question_response (survey_question_id, response, display_index) VALUES (7, 'Yes', 1);
INSERT INTO survey_question_response (survey_question_id, response, display_index) VALUES (7, 'No', 2);
INSERT INTO survey_question_response (survey_question_id, response, display_index) VALUES (8, 'Unspecified', 0);
INSERT INTO survey_question_response (survey_question_id, response, display_index) VALUES (8, 'I was diagnosed with celiac disease', 1);
INSERT INTO survey_question_response (survey_question_id, response, display_index) VALUES (8, 'I was diagnosed with gluten allergy (anti-gluten IgG), but not celiac disease', 2);
INSERT INTO survey_question_response (survey_question_id, response, display_index) VALUES (8, 'I do not eat gluten because it makes me feel bad', 3);
INSERT INTO survey_question_response (survey_question_id, response, display_index) VALUES (8, 'No', 4);
INSERT INTO survey_question_response (survey_question_id, response, display_index) VALUES (9, 'Unspecified', 1000);
INSERT INTO survey_question_response (survey_question_id, response, display_index) VALUES (9, 'Peanuts', 0);
INSERT INTO survey_question_response (survey_question_id, response, display_index) VALUES (9, 'Tree nuts', 1);
INSERT INTO survey_question_response (survey_question_id, response, display_index) VALUES (9, 'Shellfish', 2);
INSERT INTO survey_question_response (survey_question_id, response, display_index) VALUES (9, 'Other', 3);
INSERT INTO survey_question_response (survey_question_id, response, display_index) VALUES (9, 'I have no food allergies that I know of.', 4);
INSERT INTO survey_question_response (survey_question_id, response, display_index) VALUES (10, 'Unspecified', 0);
INSERT INTO survey_question_response (survey_question_id, response, display_index) VALUES (10, 'Yes', 1);
INSERT INTO survey_question_response (survey_question_id, response, display_index) VALUES (10, 'No', 2);
INSERT INTO survey_question_response (survey_question_id, response, display_index) VALUES (11, 'Unspecified', 0);
INSERT INTO survey_question_response (survey_question_id, response, display_index) VALUES (11, 'Yes', 1);
INSERT INTO survey_question_response (survey_question_id, response, display_index) VALUES (11, 'No', 2);
INSERT INTO survey_question_response (survey_question_id, response, display_index) VALUES (11, 'Not sure', 3);
INSERT INTO survey_question_response (survey_question_id, response, display_index) VALUES (12, 'Unspecified', 0);
INSERT INTO survey_question_response (survey_question_id, response, display_index) VALUES (12, 'Yes', 1);
INSERT INTO survey_question_response (survey_question_id, response, display_index) VALUES (12, 'No', 2);
INSERT INTO survey_question_response (survey_question_id, response, display_index) VALUES (13, 'Unspecified', 0);
INSERT INTO survey_question_response (survey_question_id, response, display_index) VALUES (13, 'City', 1);
INSERT INTO survey_question_response (survey_question_id, response, display_index) VALUES (13, 'Well', 2);
INSERT INTO survey_question_response (survey_question_id, response, display_index) VALUES (13, 'Bottled', 3);
INSERT INTO survey_question_response (survey_question_id, response, display_index) VALUES (13, 'Filtered', 4);
INSERT INTO survey_question_response (survey_question_id, response, display_index) VALUES (13, 'Not sure', 5);
INSERT INTO survey_question_response (survey_question_id, response, display_index) VALUES (14, 'Unspecified', 0);
INSERT INTO survey_question_response (survey_question_id, response, display_index) VALUES (14, 'Caucasian', 1);
INSERT INTO survey_question_response (survey_question_id, response, display_index) VALUES (14, 'Asian or Pacific Islander', 2);
INSERT INTO survey_question_response (survey_question_id, response, display_index) VALUES (14, 'African American', 3);
INSERT INTO survey_question_response (survey_question_id, response, display_index) VALUES (14, 'Hispanic', 4);
INSERT INTO survey_question_response (survey_question_id, response, display_index) VALUES (14, 'Other', 5);
INSERT INTO survey_question_response (survey_question_id, response, display_index) VALUES (15, 'Unspecified', 0);
INSERT INTO survey_question_response (survey_question_id, response, display_index) VALUES (15, 'Within the past month', 1);
INSERT INTO survey_question_response (survey_question_id, response, display_index) VALUES (15, 'Within the past 3 months', 2);
INSERT INTO survey_question_response (survey_question_id, response, display_index) VALUES (15, 'Within the past 6 months', 3);
INSERT INTO survey_question_response (survey_question_id, response, display_index) VALUES (15, 'Within the past year', 4);
INSERT INTO survey_question_response (survey_question_id, response, display_index) VALUES (15, 'I have lived in my current state of residence for more than a year.', 5);
INSERT INTO survey_question_response (survey_question_id, response, display_index) VALUES (16, 'Unspecified', 0);
INSERT INTO survey_question_response (survey_question_id, response, display_index) VALUES (16, 'Month', 1);
INSERT INTO survey_question_response (survey_question_id, response, display_index) VALUES (16, '3 months', 2);
INSERT INTO survey_question_response (survey_question_id, response, display_index) VALUES (16, '6 months', 3);
INSERT INTO survey_question_response (survey_question_id, response, display_index) VALUES (16, '1 year', 4);
INSERT INTO survey_question_response (survey_question_id, response, display_index) VALUES (16, 'I have not been outside of my country of residence in the past year.', 5);
INSERT INTO survey_question_response (survey_question_id, response, display_index) VALUES (17, 'Unspecified', 0);
INSERT INTO survey_question_response (survey_question_id, response, display_index) VALUES (17, 'None', 1);
INSERT INTO survey_question_response (survey_question_id, response, display_index) VALUES (17, 'One', 2);
INSERT INTO survey_question_response (survey_question_id, response, display_index) VALUES (17, 'Two', 3);
INSERT INTO survey_question_response (survey_question_id, response, display_index) VALUES (17, 'Three', 4);
INSERT INTO survey_question_response (survey_question_id, response, display_index) VALUES (17, 'More than three', 5);
INSERT INTO survey_question_response (survey_question_id, response, display_index) VALUES (18, 'Unspecified', 0);
INSERT INTO survey_question_response (survey_question_id, response, display_index) VALUES (18, 'Yes', 1);
INSERT INTO survey_question_response (survey_question_id, response, display_index) VALUES (18, 'No', 2);
INSERT INTO survey_question_response (survey_question_id, response, display_index) VALUES (18, 'Not sure', 3);
INSERT INTO survey_question_response (survey_question_id, response, display_index) VALUES (19, 'Unspecified', 0);
INSERT INTO survey_question_response (survey_question_id, response, display_index) VALUES (19, 'Yes', 1);
INSERT INTO survey_question_response (survey_question_id, response, display_index) VALUES (19, 'No', 2);
INSERT INTO survey_question_response (survey_question_id, response, display_index) VALUES (19, 'Not sure', 3);
INSERT INTO survey_question_response (survey_question_id, response, display_index) VALUES (20, 'Unspecified', 0);
INSERT INTO survey_question_response (survey_question_id, response, display_index) VALUES (20, 'Yes', 1);
INSERT INTO survey_question_response (survey_question_id, response, display_index) VALUES (20, 'No', 2);
INSERT INTO survey_question_response (survey_question_id, response, display_index) VALUES (79, 'Unspecified', 0);
INSERT INTO survey_question_response (survey_question_id, response, display_index) VALUES (79, 'I do not have this condition', 1);
INSERT INTO survey_question_response (survey_question_id, response, display_index) VALUES (79, 'Diagnosed by a medical professional (doctor, physician assistant)', 2);
INSERT INTO survey_question_response (survey_question_id, response, display_index) VALUES (79, 'Diagnosed by an alternative medicine practitioner', 3);
INSERT INTO survey_question_response (survey_question_id, response, display_index) VALUES (79, 'Self-diagnosed', 4);
INSERT INTO survey_question_response (survey_question_id, response, display_index) VALUES (22, 'Unspecified', 0);
INSERT INTO survey_question_response (survey_question_id, response, display_index) VALUES (22, 'I am right handed', 1);
INSERT INTO survey_question_response (survey_question_id, response, display_index) VALUES (22, 'I am left handed', 2);
INSERT INTO survey_question_response (survey_question_id, response, display_index) VALUES (22, 'I am ambidextrous', 3);
INSERT INTO survey_question_response (survey_question_id, response, display_index) VALUES (23, 'Unspecified', 0);
INSERT INTO survey_question_response (survey_question_id, response, display_index) VALUES (23, 'Did not complete high school', 1);
INSERT INTO survey_question_response (survey_question_id, response, display_index) VALUES (23, 'High School or GED equilivant', 2);
INSERT INTO survey_question_response (survey_question_id, response, display_index) VALUES (23, 'Some college or technical school', 3);
INSERT INTO survey_question_response (survey_question_id, response, display_index) VALUES (23, 'Associate''s degree', 4);
INSERT INTO survey_question_response (survey_question_id, response, display_index) VALUES (23, 'Bachelor''s degree', 5);
INSERT INTO survey_question_response (survey_question_id, response, display_index) VALUES (23, 'Some graduate school or professional', 6);
INSERT INTO survey_question_response (survey_question_id, response, display_index) VALUES (23, 'Graduate or Professional degree', 7);
INSERT INTO survey_question_response (survey_question_id, response, display_index) VALUES (24, 'Unspecified', 0);
INSERT INTO survey_question_response (survey_question_id, response, display_index) VALUES (24, 'Never', 1);
INSERT INTO survey_question_response (survey_question_id, response, display_index) VALUES (24, 'Rarely (a few times/month)', 2);
INSERT INTO survey_question_response (survey_question_id, response, display_index) VALUES (24, 'Occasionally (1-2 times/week)', 3);
INSERT INTO survey_question_response (survey_question_id, response, display_index) VALUES (24, 'Regularly (3-5 times/week)', 4);
INSERT INTO survey_question_response (survey_question_id, response, display_index) VALUES (24, 'Daily', 5);
INSERT INTO survey_question_response (survey_question_id, response, display_index) VALUES (25, 'Unspecified', 0);
INSERT INTO survey_question_response (survey_question_id, response, display_index) VALUES (25, 'Indoors', 1);
INSERT INTO survey_question_response (survey_question_id, response, display_index) VALUES (25, 'Outdoors', 2);
INSERT INTO survey_question_response (survey_question_id, response, display_index) VALUES (25, 'Both', 3);
INSERT INTO survey_question_response (survey_question_id, response, display_index) VALUES (25, 'Depends on the season', 4);
INSERT INTO survey_question_response (survey_question_id, response, display_index) VALUES (25, 'None of the above', 5);
INSERT INTO survey_question_response (survey_question_id, response, display_index) VALUES (26, 'Unspecified', 0);
INSERT INTO survey_question_response (survey_question_id, response, display_index) VALUES (26, 'Yes', 1);
INSERT INTO survey_question_response (survey_question_id, response, display_index) VALUES (26, 'No', 2);
INSERT INTO survey_question_response (survey_question_id, response, display_index) VALUES (27, 'Unspecified', 0);
INSERT INTO survey_question_response (survey_question_id, response, display_index) VALUES (27, 'Never', 1);
INSERT INTO survey_question_response (survey_question_id, response, display_index) VALUES (27, 'Rarely (a few times/month)', 2);
INSERT INTO survey_question_response (survey_question_id, response, display_index) VALUES (27, 'Occasionally (1-2 times/week)', 3);
INSERT INTO survey_question_response (survey_question_id, response, display_index) VALUES (27, 'Regularly (3-5 times/week)', 4);
INSERT INTO survey_question_response (survey_question_id, response, display_index) VALUES (27, 'Daily', 5);
INSERT INTO survey_question_response (survey_question_id, response, display_index) VALUES (28, 'Unspecified', 0);
INSERT INTO survey_question_response (survey_question_id, response, display_index) VALUES (28, 'Never', 1);
INSERT INTO survey_question_response (survey_question_id, response, display_index) VALUES (28, 'Rarely (a few times/month)', 2);
INSERT INTO survey_question_response (survey_question_id, response, display_index) VALUES (28, 'Occasionally (1-2 times/week)', 3);
INSERT INTO survey_question_response (survey_question_id, response, display_index) VALUES (28, 'Regularly (3-5 times/week)', 4);
INSERT INTO survey_question_response (survey_question_id, response, display_index) VALUES (28, 'Daily', 5);
INSERT INTO survey_question_response (survey_question_id, response, display_index) VALUES (29, 'Unspecified', 0);
INSERT INTO survey_question_response (survey_question_id, response, display_index) VALUES (29, 'Never', 1);
INSERT INTO survey_question_response (survey_question_id, response, display_index) VALUES (29, 'Rarely (a few times/month)', 2);
INSERT INTO survey_question_response (survey_question_id, response, display_index) VALUES (29, 'Occasionally (1-2 times/week)', 3);
INSERT INTO survey_question_response (survey_question_id, response, display_index) VALUES (29, 'Regularly (3-5 times/week)', 4);
INSERT INTO survey_question_response (survey_question_id, response, display_index) VALUES (29, 'Daily', 5);
INSERT INTO survey_question_response (survey_question_id, response, display_index) VALUES (30, 'Unspecified', 1000);
INSERT INTO survey_question_response (survey_question_id, response, display_index) VALUES (30, 'Beer/Cider', 0);
INSERT INTO survey_question_response (survey_question_id, response, display_index) VALUES (30, 'Sour beers', 1);
INSERT INTO survey_question_response (survey_question_id, response, display_index) VALUES (30, 'White wine', 2);
INSERT INTO survey_question_response (survey_question_id, response, display_index) VALUES (30, 'Red wine', 3);
INSERT INTO survey_question_response (survey_question_id, response, display_index) VALUES (30, 'Spirits/hard alcohol', 4);
INSERT INTO survey_question_response (survey_question_id, response, display_index) VALUES (31, 'Unspecified', 0);
INSERT INTO survey_question_response (survey_question_id, response, display_index) VALUES (31, 'Never', 1);
INSERT INTO survey_question_response (survey_question_id, response, display_index) VALUES (31, 'Rarely (a few times/month)', 2);
INSERT INTO survey_question_response (survey_question_id, response, display_index) VALUES (31, 'Occasionally (1-2 times/week)', 3);
INSERT INTO survey_question_response (survey_question_id, response, display_index) VALUES (31, 'Regularly (3-5 times/week)', 4);
INSERT INTO survey_question_response (survey_question_id, response, display_index) VALUES (31, 'Daily', 5);
INSERT INTO survey_question_response (survey_question_id, response, display_index) VALUES (32, 'Unspecified', 0);
INSERT INTO survey_question_response (survey_question_id, response, display_index) VALUES (32, 'Never', 1);
INSERT INTO survey_question_response (survey_question_id, response, display_index) VALUES (32, 'Rarely (a few times/month)', 2);
INSERT INTO survey_question_response (survey_question_id, response, display_index) VALUES (32, 'Occasionally (1-2 times/week)', 3);
INSERT INTO survey_question_response (survey_question_id, response, display_index) VALUES (32, 'Regularly (3-5 times/week)', 4);
INSERT INTO survey_question_response (survey_question_id, response, display_index) VALUES (32, 'Daily', 5);
INSERT INTO survey_question_response (survey_question_id, response, display_index) VALUES (33, 'Unspecified', 0);
INSERT INTO survey_question_response (survey_question_id, response, display_index) VALUES (33, 'Never', 1);
INSERT INTO survey_question_response (survey_question_id, response, display_index) VALUES (33, 'Rarely (a few times/month)', 2);
INSERT INTO survey_question_response (survey_question_id, response, display_index) VALUES (33, 'Occasionally (1-2 times/week)', 3);
INSERT INTO survey_question_response (survey_question_id, response, display_index) VALUES (33, 'Regularly (3-5 times/week)', 4);
INSERT INTO survey_question_response (survey_question_id, response, display_index) VALUES (33, 'Daily', 5);
INSERT INTO survey_question_response (survey_question_id, response, display_index) VALUES (34, 'Unspecified', 0);
INSERT INTO survey_question_response (survey_question_id, response, display_index) VALUES (34, 'I use deodorant', 1);
INSERT INTO survey_question_response (survey_question_id, response, display_index) VALUES (34, 'I use an antiperspirant', 2);
INSERT INTO survey_question_response (survey_question_id, response, display_index) VALUES (34, 'Not sure, but I use some form of deodorant/antiperspirant', 3);
INSERT INTO survey_question_response (survey_question_id, response, display_index) VALUES (34, 'I do not use deodorant or an antiperspirant', 4);
INSERT INTO survey_question_response (survey_question_id, response, display_index) VALUES (35, 'Unspecified', 0);
INSERT INTO survey_question_response (survey_question_id, response, display_index) VALUES (35, 'Less than 5 hours', 1);
INSERT INTO survey_question_response (survey_question_id, response, display_index) VALUES (35, '5-6 hours', 2);
INSERT INTO survey_question_response (survey_question_id, response, display_index) VALUES (35, '6-7 hours', 3);
INSERT INTO survey_question_response (survey_question_id, response, display_index) VALUES (35, '7-8 hours', 4);
INSERT INTO survey_question_response (survey_question_id, response, display_index) VALUES (35, '8 or more hours', 5);
INSERT INTO survey_question_response (survey_question_id, response, display_index) VALUES (36, 'Unspecified', 0);
INSERT INTO survey_question_response (survey_question_id, response, display_index) VALUES (36, 'Yes', 1);
INSERT INTO survey_question_response (survey_question_id, response, display_index) VALUES (36, 'No', 2);
INSERT INTO survey_question_response (survey_question_id, response, display_index) VALUES (37, 'Unspecified', 0);
INSERT INTO survey_question_response (survey_question_id, response, display_index) VALUES (37, 'Less than one', 1);
INSERT INTO survey_question_response (survey_question_id, response, display_index) VALUES (37, 'One', 2);
INSERT INTO survey_question_response (survey_question_id, response, display_index) VALUES (37, 'Two', 3);
INSERT INTO survey_question_response (survey_question_id, response, display_index) VALUES (37, 'Three', 4);
INSERT INTO survey_question_response (survey_question_id, response, display_index) VALUES (37, 'Four', 5);
INSERT INTO survey_question_response (survey_question_id, response, display_index) VALUES (37, 'Five or more', 6);
INSERT INTO survey_question_response (survey_question_id, response, display_index) VALUES (38, 'Unspecified', 0);
INSERT INTO survey_question_response (survey_question_id, response, display_index) VALUES (38, 'I tend to be constipated (have difficulty passing stool)', 1);
INSERT INTO survey_question_response (survey_question_id, response, display_index) VALUES (38, 'I tend to have diarrhea (watery stool)', 2);
INSERT INTO survey_question_response (survey_question_id, response, display_index) VALUES (38, 'I tend to have normal formed stool', 3);
INSERT INTO survey_question_response (survey_question_id, response, display_index) VALUES (38, 'I don''t know, I do not have a point of reference', 4);
INSERT INTO survey_question_response (survey_question_id, response, display_index) VALUES (39, 'Unspecified', 0);
INSERT INTO survey_question_response (survey_question_id, response, display_index) VALUES (39, 'Week', 1);
INSERT INTO survey_question_response (survey_question_id, response, display_index) VALUES (39, 'Month', 2);
INSERT INTO survey_question_response (survey_question_id, response, display_index) VALUES (39, '6 months', 3);
INSERT INTO survey_question_response (survey_question_id, response, display_index) VALUES (39, 'Year', 4);
INSERT INTO survey_question_response (survey_question_id, response, display_index) VALUES (39, 'I have not taken antibiotics in the past year.', 5);
INSERT INTO survey_question_response (survey_question_id, response, display_index) VALUES (40, 'Unspecified', 0);
INSERT INTO survey_question_response (survey_question_id, response, display_index) VALUES (40, 'Week', 1);
INSERT INTO survey_question_response (survey_question_id, response, display_index) VALUES (40, 'Month', 2);
INSERT INTO survey_question_response (survey_question_id, response, display_index) VALUES (40, '6 months', 3);
INSERT INTO survey_question_response (survey_question_id, response, display_index) VALUES (40, 'Year', 4);
INSERT INTO survey_question_response (survey_question_id, response, display_index) VALUES (40, 'I have not gotten the flu vaccine in the past year.', 5);
INSERT INTO survey_question_response (survey_question_id, response, display_index) VALUES (41, 'Unspecified', 0);
INSERT INTO survey_question_response (survey_question_id, response, display_index) VALUES (41, 'Yes, I am taking the "pill"', 1);
INSERT INTO survey_question_response (survey_question_id, response, display_index) VALUES (41, 'Yes, I use an injected contraceptive (DMPA)', 2);
INSERT INTO survey_question_response (survey_question_id, response, display_index) VALUES (41, 'Yes, I use a contraceptive patch (Ortho-Evra)', 3);
INSERT INTO survey_question_response (survey_question_id, response, display_index) VALUES (41, 'Yes, I use the NuvaRing', 4);
INSERT INTO survey_question_response (survey_question_id, response, display_index) VALUES (41, 'Yes, I use a hormonal IUD (Mirena)', 5);
INSERT INTO survey_question_response (survey_question_id, response, display_index) VALUES (41, 'No', 6);
INSERT INTO survey_question_response (survey_question_id, response, display_index) VALUES (42, 'Unspecified', 0);
INSERT INTO survey_question_response (survey_question_id, response, display_index) VALUES (42, 'Yes', 1);
INSERT INTO survey_question_response (survey_question_id, response, display_index) VALUES (42, 'No', 2);
INSERT INTO survey_question_response (survey_question_id, response, display_index) VALUES (42, 'Not sure', 3);
INSERT INTO survey_question_response (survey_question_id, response, display_index) VALUES (43, 'Unspecified', 0);
INSERT INTO survey_question_response (survey_question_id, response, display_index) VALUES (43, 'Increased more than 10 pounds', 1);
INSERT INTO survey_question_response (survey_question_id, response, display_index) VALUES (43, 'Decreased more than 10 pounds', 2);
INSERT INTO survey_question_response (survey_question_id, response, display_index) VALUES (43, 'Remained stable', 3);
INSERT INTO survey_question_response (survey_question_id, response, display_index) VALUES (44, 'Unspecified', 0);
INSERT INTO survey_question_response (survey_question_id, response, display_index) VALUES (44, 'Yes', 1);
INSERT INTO survey_question_response (survey_question_id, response, display_index) VALUES (44, 'No', 2);
INSERT INTO survey_question_response (survey_question_id, response, display_index) VALUES (44, 'Not sure', 3);
INSERT INTO survey_question_response (survey_question_id, response, display_index) VALUES (45, 'Unspecified', 0);
INSERT INTO survey_question_response (survey_question_id, response, display_index) VALUES (45, 'Yes', 1);
INSERT INTO survey_question_response (survey_question_id, response, display_index) VALUES (45, 'No', 2);
INSERT INTO survey_question_response (survey_question_id, response, display_index) VALUES (45, 'Not sure', 3);
INSERT INTO survey_question_response (survey_question_id, response, display_index) VALUES (46, 'Unspecified', 0);
INSERT INTO survey_question_response (survey_question_id, response, display_index) VALUES (46, 'Yes', 1);
INSERT INTO survey_question_response (survey_question_id, response, display_index) VALUES (46, 'No', 2);
INSERT INTO survey_question_response (survey_question_id, response, display_index) VALUES (46, 'Not sure', 3);
INSERT INTO survey_question_response (survey_question_id, response, display_index) VALUES (47, 'Unspecified', 0);
INSERT INTO survey_question_response (survey_question_id, response, display_index) VALUES (47, 'Yes', 1);
INSERT INTO survey_question_response (survey_question_id, response, display_index) VALUES (47, 'No', 2);
INSERT INTO survey_question_response (survey_question_id, response, display_index) VALUES (48, 'Unspecified', 0);
INSERT INTO survey_question_response (survey_question_id, response, display_index) VALUES (48, 'Yes', 1);
INSERT INTO survey_question_response (survey_question_id, response, display_index) VALUES (48, 'No', 2);
INSERT INTO survey_question_response (survey_question_id, response, display_index) VALUES (49, 'Unspecified', 0);
INSERT INTO survey_question_response (survey_question_id, response, display_index) VALUES (49, 'Yes', 1);
INSERT INTO survey_question_response (survey_question_id, response, display_index) VALUES (49, 'No', 2);
INSERT INTO survey_question_response (survey_question_id, response, display_index) VALUES (50, 'Unspecified', 0);
INSERT INTO survey_question_response (survey_question_id, response, display_index) VALUES (50, 'Yes', 1);
INSERT INTO survey_question_response (survey_question_id, response, display_index) VALUES (50, 'No', 2);
INSERT INTO survey_question_response (survey_question_id, response, display_index) VALUES (50, 'Not sure', 3);
INSERT INTO survey_question_response (survey_question_id, response, display_index) VALUES (51, 'Unspecified', 0);
INSERT INTO survey_question_response (survey_question_id, response, display_index) VALUES (51, 'Primarily breast milk', 1);
INSERT INTO survey_question_response (survey_question_id, response, display_index) VALUES (51, 'Primarily infant formula', 2);
INSERT INTO survey_question_response (survey_question_id, response, display_index) VALUES (51, 'A mixture of breast milk and formula', 3);
INSERT INTO survey_question_response (survey_question_id, response, display_index) VALUES (51, 'Not sure', 4);
INSERT INTO survey_question_response (survey_question_id, response, display_index) VALUES (52, 'Unspecified', 0);
INSERT INTO survey_question_response (survey_question_id, response, display_index) VALUES (52, 'Yes', 1);
INSERT INTO survey_question_response (survey_question_id, response, display_index) VALUES (52, 'No', 2);
INSERT INTO survey_question_response (survey_question_id, response, display_index) VALUES (53, 'Unspecified', 0);
INSERT INTO survey_question_response (survey_question_id, response, display_index) VALUES (53, 'Yes', 1);
INSERT INTO survey_question_response (survey_question_id, response, display_index) VALUES (53, 'No', 2);
INSERT INTO survey_question_response (survey_question_id, response, display_index) VALUES (54, 'Unspecified', 1000);
INSERT INTO survey_question_response (survey_question_id, response, display_index) VALUES (54, 'Drug (e.g. Penicillin)', 0);
INSERT INTO survey_question_response (survey_question_id, response, display_index) VALUES (54, 'Pet dander', 1);
INSERT INTO survey_question_response (survey_question_id, response, display_index) VALUES (54, 'Beestings', 2);
INSERT INTO survey_question_response (survey_question_id, response, display_index) VALUES (54, 'Poison ivy/oak', 3);
INSERT INTO survey_question_response (survey_question_id, response, display_index) VALUES (54, 'Sun', 4);
INSERT INTO survey_question_response (survey_question_id, response, display_index) VALUES (55, 'Unspecified', 0);
INSERT INTO survey_question_response (survey_question_id, response, display_index) VALUES (55, 'Yes', 1);
INSERT INTO survey_question_response (survey_question_id, response, display_index) VALUES (55, 'No', 2);
INSERT INTO survey_question_response (survey_question_id, response, display_index) VALUES (55, 'I eat both solid food and formula/breast milk', 3);
INSERT INTO survey_question_response (survey_question_id, response, display_index) VALUES (56, 'Unspecified', 0);
INSERT INTO survey_question_response (survey_question_id, response, display_index) VALUES (56, 'Never', 1);
INSERT INTO survey_question_response (survey_question_id, response, display_index) VALUES (56, 'Rarely (less than once/week)', 2);
INSERT INTO survey_question_response (survey_question_id, response, display_index) VALUES (56, 'Occasionally (1-2 times/week)', 3);
INSERT INTO survey_question_response (survey_question_id, response, display_index) VALUES (56, 'Regularly (3-5 times/week)', 4);
INSERT INTO survey_question_response (survey_question_id, response, display_index) VALUES (56, 'Daily', 5);
INSERT INTO survey_question_response (survey_question_id, response, display_index) VALUES (57, 'Unspecified', 0);
INSERT INTO survey_question_response (survey_question_id, response, display_index) VALUES (57, 'Never', 1);
INSERT INTO survey_question_response (survey_question_id, response, display_index) VALUES (57, 'Rarely (less than once/week)', 2);
INSERT INTO survey_question_response (survey_question_id, response, display_index) VALUES (57, 'Occasionally (1-2 times/week)', 3);
INSERT INTO survey_question_response (survey_question_id, response, display_index) VALUES (57, 'Regularly (3-5 times/week)', 4);
INSERT INTO survey_question_response (survey_question_id, response, display_index) VALUES (57, 'Daily', 5);
INSERT INTO survey_question_response (survey_question_id, response, display_index) VALUES (58, 'Unspecified', 0);
INSERT INTO survey_question_response (survey_question_id, response, display_index) VALUES (58, 'Never', 1);
INSERT INTO survey_question_response (survey_question_id, response, display_index) VALUES (58, 'Rarely (less than once/week)', 2);
INSERT INTO survey_question_response (survey_question_id, response, display_index) VALUES (58, 'Occasionally (1-2 times/week)', 3);
INSERT INTO survey_question_response (survey_question_id, response, display_index) VALUES (58, 'Regularly (3-5 times/week)', 4);
INSERT INTO survey_question_response (survey_question_id, response, display_index) VALUES (58, 'Daily', 5);
INSERT INTO survey_question_response (survey_question_id, response, display_index) VALUES (59, 'Unspecified', 0);
INSERT INTO survey_question_response (survey_question_id, response, display_index) VALUES (59, 'Never', 1);
INSERT INTO survey_question_response (survey_question_id, response, display_index) VALUES (59, 'Rarely (less than once/week)', 2);
INSERT INTO survey_question_response (survey_question_id, response, display_index) VALUES (59, 'Occasionally (1-2 times/week)', 3);
INSERT INTO survey_question_response (survey_question_id, response, display_index) VALUES (59, 'Regularly (3-5 times/week)', 4);
INSERT INTO survey_question_response (survey_question_id, response, display_index) VALUES (59, 'Daily', 5);
INSERT INTO survey_question_response (survey_question_id, response, display_index) VALUES (60, 'Unspecified', 0);
INSERT INTO survey_question_response (survey_question_id, response, display_index) VALUES (60, 'I do not have this condition', 1);
INSERT INTO survey_question_response (survey_question_id, response, display_index) VALUES (60, 'Diagnosed by a medical professional (doctor, physician assistant)', 2);
INSERT INTO survey_question_response (survey_question_id, response, display_index) VALUES (60, 'Diagnosed by an alternative medicine practitioner', 3);
INSERT INTO survey_question_response (survey_question_id, response, display_index) VALUES (60, 'Self-diagnosed', 4);
INSERT INTO survey_question_response (survey_question_id, response, display_index) VALUES (61, 'Unspecified', 0);
INSERT INTO survey_question_response (survey_question_id, response, display_index) VALUES (61, 'Never', 1);
INSERT INTO survey_question_response (survey_question_id, response, display_index) VALUES (61, 'Rarely (less than once/week)', 2);
INSERT INTO survey_question_response (survey_question_id, response, display_index) VALUES (61, 'Occasionally (1-2 times/week)', 3);
INSERT INTO survey_question_response (survey_question_id, response, display_index) VALUES (61, 'Regularly (3-5 times/week)', 4);
INSERT INTO survey_question_response (survey_question_id, response, display_index) VALUES (61, 'Daily', 5);
INSERT INTO survey_question_response (survey_question_id, response, display_index) VALUES (62, 'Unspecified', 0);
INSERT INTO survey_question_response (survey_question_id, response, display_index) VALUES (62, 'Never', 1);
INSERT INTO survey_question_response (survey_question_id, response, display_index) VALUES (62, 'Rarely (less than once/week)', 2);
INSERT INTO survey_question_response (survey_question_id, response, display_index) VALUES (62, 'Occasionally (1-2 times/week)', 3);
INSERT INTO survey_question_response (survey_question_id, response, display_index) VALUES (62, 'Regularly (3-5 times/week)', 4);
INSERT INTO survey_question_response (survey_question_id, response, display_index) VALUES (62, 'Daily', 5);
INSERT INTO survey_question_response (survey_question_id, response, display_index) VALUES (63, 'Unspecified', 0);
INSERT INTO survey_question_response (survey_question_id, response, display_index) VALUES (63, 'Never', 1);
INSERT INTO survey_question_response (survey_question_id, response, display_index) VALUES (63, 'Rarely (less than once/week)', 2);
INSERT INTO survey_question_response (survey_question_id, response, display_index) VALUES (63, 'Occasionally (1-2 times/week)', 3);
INSERT INTO survey_question_response (survey_question_id, response, display_index) VALUES (63, 'Regularly (3-5 times/week)', 4);
INSERT INTO survey_question_response (survey_question_id, response, display_index) VALUES (63, 'Daily', 5);
INSERT INTO survey_question_response (survey_question_id, response, display_index) VALUES (64, 'Unspecified', 0);
INSERT INTO survey_question_response (survey_question_id, response, display_index) VALUES (64, 'Never', 1);
INSERT INTO survey_question_response (survey_question_id, response, display_index) VALUES (64, 'Rarely (less than once/week)', 2);
INSERT INTO survey_question_response (survey_question_id, response, display_index) VALUES (64, 'Occasionally (1-2 times/week)', 3);
INSERT INTO survey_question_response (survey_question_id, response, display_index) VALUES (64, 'Regularly (3-5 times/week)', 4);
INSERT INTO survey_question_response (survey_question_id, response, display_index) VALUES (64, 'Daily', 5);
INSERT INTO survey_question_response (survey_question_id, response, display_index) VALUES (65, 'Unspecified', 0);
INSERT INTO survey_question_response (survey_question_id, response, display_index) VALUES (65, 'Never', 1);
INSERT INTO survey_question_response (survey_question_id, response, display_index) VALUES (65, 'Rarely (less than once/week)', 2);
INSERT INTO survey_question_response (survey_question_id, response, display_index) VALUES (65, 'Occasionally (1-2 times/week)', 3);
INSERT INTO survey_question_response (survey_question_id, response, display_index) VALUES (65, 'Regularly (3-5 times/week)', 4);
INSERT INTO survey_question_response (survey_question_id, response, display_index) VALUES (65, 'Daily', 5);
INSERT INTO survey_question_response (survey_question_id, response, display_index) VALUES (66, 'Unspecified', 0);
INSERT INTO survey_question_response (survey_question_id, response, display_index) VALUES (66, 'Never', 1);
INSERT INTO survey_question_response (survey_question_id, response, display_index) VALUES (66, 'Rarely (less than once/week)', 2);
INSERT INTO survey_question_response (survey_question_id, response, display_index) VALUES (66, 'Occasionally (1-2 times/week)', 3);
INSERT INTO survey_question_response (survey_question_id, response, display_index) VALUES (66, 'Regularly (3-5 times/week)', 4);
INSERT INTO survey_question_response (survey_question_id, response, display_index) VALUES (66, 'Daily', 5);
INSERT INTO survey_question_response (survey_question_id, response, display_index) VALUES (67, 'Unspecified', 0);
INSERT INTO survey_question_response (survey_question_id, response, display_index) VALUES (67, 'Never', 1);
INSERT INTO survey_question_response (survey_question_id, response, display_index) VALUES (67, 'Rarely (less than once/week)', 2);
INSERT INTO survey_question_response (survey_question_id, response, display_index) VALUES (67, 'Occasionally (1-2 times/week)', 3);
INSERT INTO survey_question_response (survey_question_id, response, display_index) VALUES (67, 'Regularly (3-5 times/week)', 4);
INSERT INTO survey_question_response (survey_question_id, response, display_index) VALUES (67, 'Daily', 5);
INSERT INTO survey_question_response (survey_question_id, response, display_index) VALUES (68, 'Unspecified', 0);
INSERT INTO survey_question_response (survey_question_id, response, display_index) VALUES (68, 'Never', 1);
INSERT INTO survey_question_response (survey_question_id, response, display_index) VALUES (68, 'Rarely (less than once/week)', 2);
INSERT INTO survey_question_response (survey_question_id, response, display_index) VALUES (68, 'Occasionally (1-2 times/week)', 3);
INSERT INTO survey_question_response (survey_question_id, response, display_index) VALUES (68, 'Regularly (3-5 times/week)', 4);
INSERT INTO survey_question_response (survey_question_id, response, display_index) VALUES (68, 'Daily', 5);
INSERT INTO survey_question_response (survey_question_id, response, display_index) VALUES (69, 'Unspecified', 0);
INSERT INTO survey_question_response (survey_question_id, response, display_index) VALUES (69, 'Never', 1);
INSERT INTO survey_question_response (survey_question_id, response, display_index) VALUES (69, 'Rarely (less than once/week)', 2);
INSERT INTO survey_question_response (survey_question_id, response, display_index) VALUES (69, 'Occasionally (1-2 times/week)', 3);
INSERT INTO survey_question_response (survey_question_id, response, display_index) VALUES (69, 'Regularly (3-5 times/week)', 4);
INSERT INTO survey_question_response (survey_question_id, response, display_index) VALUES (69, 'Daily', 5);
INSERT INTO survey_question_response (survey_question_id, response, display_index) VALUES (70, 'Unspecified', 0);
INSERT INTO survey_question_response (survey_question_id, response, display_index) VALUES (70, 'Never', 1);
INSERT INTO survey_question_response (survey_question_id, response, display_index) VALUES (70, 'Rarely (less than once/week)', 2);
INSERT INTO survey_question_response (survey_question_id, response, display_index) VALUES (70, 'Occasionally (1-2 times/week)', 3);
INSERT INTO survey_question_response (survey_question_id, response, display_index) VALUES (70, 'Regularly (3-5 times/week)', 4);
INSERT INTO survey_question_response (survey_question_id, response, display_index) VALUES (70, 'Daily', 5);
INSERT INTO survey_question_response (survey_question_id, response, display_index) VALUES (71, 'Unspecified', 0);
INSERT INTO survey_question_response (survey_question_id, response, display_index) VALUES (71, 'Never', 1);
INSERT INTO survey_question_response (survey_question_id, response, display_index) VALUES (71, 'Rarely (less than once/week)', 2);
INSERT INTO survey_question_response (survey_question_id, response, display_index) VALUES (71, 'Occasionally (1-2 times/week)', 3);
INSERT INTO survey_question_response (survey_question_id, response, display_index) VALUES (71, 'Regularly (3-5 times/week)', 4);
INSERT INTO survey_question_response (survey_question_id, response, display_index) VALUES (71, 'Daily', 5);
INSERT INTO survey_question_response (survey_question_id, response, display_index) VALUES (72, 'Unspecified', 0);
INSERT INTO survey_question_response (survey_question_id, response, display_index) VALUES (72, 'Never', 1);
INSERT INTO survey_question_response (survey_question_id, response, display_index) VALUES (72, 'Rarely (less than once/week)', 2);
INSERT INTO survey_question_response (survey_question_id, response, display_index) VALUES (72, 'Occasionally (1-2 times/week)', 3);
INSERT INTO survey_question_response (survey_question_id, response, display_index) VALUES (72, 'Regularly (3-5 times/week)', 4);
INSERT INTO survey_question_response (survey_question_id, response, display_index) VALUES (72, 'Daily', 5);
INSERT INTO survey_question_response (survey_question_id, response, display_index) VALUES (73, 'Unspecified', 0);
INSERT INTO survey_question_response (survey_question_id, response, display_index) VALUES (73, 'Never', 1);
INSERT INTO survey_question_response (survey_question_id, response, display_index) VALUES (73, 'Rarely (less than once/week)', 2);
INSERT INTO survey_question_response (survey_question_id, response, display_index) VALUES (73, 'Occasionally (1-2 times/week)', 3);
INSERT INTO survey_question_response (survey_question_id, response, display_index) VALUES (73, 'Regularly (3-5 times/week)', 4);
INSERT INTO survey_question_response (survey_question_id, response, display_index) VALUES (73, 'Daily', 5);
INSERT INTO survey_question_response (survey_question_id, response, display_index) VALUES (74, 'Unspecified', 0);
INSERT INTO survey_question_response (survey_question_id, response, display_index) VALUES (74, 'Never', 1);
INSERT INTO survey_question_response (survey_question_id, response, display_index) VALUES (74, 'Rarely (less than once/week)', 2);
INSERT INTO survey_question_response (survey_question_id, response, display_index) VALUES (74, 'Occasionally (1-2 times/week)', 3);
INSERT INTO survey_question_response (survey_question_id, response, display_index) VALUES (74, 'Regularly (3-5 times/week)', 4);
INSERT INTO survey_question_response (survey_question_id, response, display_index) VALUES (74, 'Daily', 5);
INSERT INTO survey_question_response (survey_question_id, response, display_index) VALUES (75, 'Unspecified', 0);
INSERT INTO survey_question_response (survey_question_id, response, display_index) VALUES (75, 'Never', 1);
INSERT INTO survey_question_response (survey_question_id, response, display_index) VALUES (75, 'Rarely (less than once/week)', 2);
INSERT INTO survey_question_response (survey_question_id, response, display_index) VALUES (75, 'Occasionally (1-2 times/week)', 3);
INSERT INTO survey_question_response (survey_question_id, response, display_index) VALUES (75, 'Regularly (3-5 times/week)', 4);
INSERT INTO survey_question_response (survey_question_id, response, display_index) VALUES (75, 'Daily', 5);
INSERT INTO survey_question_response (survey_question_id, response, display_index) VALUES (76, 'Unspecified', 0);
INSERT INTO survey_question_response (survey_question_id, response, display_index) VALUES (76, 'Never', 1);
INSERT INTO survey_question_response (survey_question_id, response, display_index) VALUES (76, 'Rarely (less than once/week)', 2);
INSERT INTO survey_question_response (survey_question_id, response, display_index) VALUES (76, 'Occasionally (1-2 times/week)', 3);
INSERT INTO survey_question_response (survey_question_id, response, display_index) VALUES (76, 'Regularly (3-5 times/week)', 4);
INSERT INTO survey_question_response (survey_question_id, response, display_index) VALUES (76, 'Daily', 5);
INSERT INTO survey_question_response (survey_question_id, response, display_index) VALUES (77, 'Unspecified', 0);
INSERT INTO survey_question_response (survey_question_id, response, display_index) VALUES (77, 'I do not have this condition', 1);
INSERT INTO survey_question_response (survey_question_id, response, display_index) VALUES (77, 'Diagnosed by a medical professional (doctor, physician assistant)', 2);
INSERT INTO survey_question_response (survey_question_id, response, display_index) VALUES (77, 'Diagnosed by an alternative medicine practitioner', 3);
INSERT INTO survey_question_response (survey_question_id, response, display_index) VALUES (77, 'Self-diagnosed', 4);
INSERT INTO survey_question_response (survey_question_id, response, display_index) VALUES (78, 'Unspecified', 0);
INSERT INTO survey_question_response (survey_question_id, response, display_index) VALUES (78, 'I do not have this condition', 1);
INSERT INTO survey_question_response (survey_question_id, response, display_index) VALUES (78, 'Diagnosed by a medical professional (doctor, physician assistant)', 2);
INSERT INTO survey_question_response (survey_question_id, response, display_index) VALUES (78, 'Diagnosed by an alternative medicine practitioner', 3);
INSERT INTO survey_question_response (survey_question_id, response, display_index) VALUES (78, 'Self-diagnosed', 4);
INSERT INTO survey_question_response (survey_question_id, response, display_index) VALUES (21, 'Unspecified', 0);
INSERT INTO survey_question_response (survey_question_id, response, display_index) VALUES (21, 'Yes', 1);
INSERT INTO survey_question_response (survey_question_id, response, display_index) VALUES (21, 'No', 2);
INSERT INTO survey_question_response (survey_question_id, response, display_index) VALUES (80, 'Unspecified', 0);
INSERT INTO survey_question_response (survey_question_id, response, display_index) VALUES (80, 'I do not have this condition', 1);
INSERT INTO survey_question_response (survey_question_id, response, display_index) VALUES (80, 'Diagnosed by a medical professional (doctor, physician assistant)', 2);
INSERT INTO survey_question_response (survey_question_id, response, display_index) VALUES (80, 'Diagnosed by an alternative medicine practitioner', 3);
INSERT INTO survey_question_response (survey_question_id, response, display_index) VALUES (80, 'Self-diagnosed', 4);
INSERT INTO survey_question_response (survey_question_id, response, display_index) VALUES (81, 'Unspecified', 0);
INSERT INTO survey_question_response (survey_question_id, response, display_index) VALUES (81, 'I do not have this condition', 1);
INSERT INTO survey_question_response (survey_question_id, response, display_index) VALUES (81, 'Diagnosed by a medical professional (doctor, physician assistant)', 2);
INSERT INTO survey_question_response (survey_question_id, response, display_index) VALUES (81, 'Diagnosed by an alternative medicine practitioner', 3);
INSERT INTO survey_question_response (survey_question_id, response, display_index) VALUES (81, 'Self-diagnosed', 4);
INSERT INTO survey_question_response (survey_question_id, response, display_index) VALUES (82, 'Unspecified', 0);
INSERT INTO survey_question_response (survey_question_id, response, display_index) VALUES (82, 'I do not have this condition', 1);
INSERT INTO survey_question_response (survey_question_id, response, display_index) VALUES (82, 'Diagnosed by a medical professional (doctor, physician assistant)', 2);
INSERT INTO survey_question_response (survey_question_id, response, display_index) VALUES (82, 'Diagnosed by an alternative medicine practitioner', 3);
INSERT INTO survey_question_response (survey_question_id, response, display_index) VALUES (82, 'Self-diagnosed', 4);
INSERT INTO survey_question_response (survey_question_id, response, display_index) VALUES (83, 'Unspecified', 0);
INSERT INTO survey_question_response (survey_question_id, response, display_index) VALUES (83, 'I do not have this condition', 1);
INSERT INTO survey_question_response (survey_question_id, response, display_index) VALUES (83, 'Diagnosed by a medical professional (doctor, physician assistant)', 2);
INSERT INTO survey_question_response (survey_question_id, response, display_index) VALUES (83, 'Diagnosed by an alternative medicine practitioner', 3);
INSERT INTO survey_question_response (survey_question_id, response, display_index) VALUES (83, 'Self-diagnosed', 4);
INSERT INTO survey_question_response (survey_question_id, response, display_index) VALUES (84, 'Unspecified', 0);
INSERT INTO survey_question_response (survey_question_id, response, display_index) VALUES (84, 'I do not have this condition', 1);
INSERT INTO survey_question_response (survey_question_id, response, display_index) VALUES (84, 'Diagnosed by a medical professional (doctor, physician assistant)', 2);
INSERT INTO survey_question_response (survey_question_id, response, display_index) VALUES (84, 'Diagnosed by an alternative medicine practitioner', 3);
INSERT INTO survey_question_response (survey_question_id, response, display_index) VALUES (84, 'Self-diagnosed', 4);
INSERT INTO survey_question_response (survey_question_id, response, display_index) VALUES (85, 'Unspecified', 0);
INSERT INTO survey_question_response (survey_question_id, response, display_index) VALUES (85, 'I do not have this condition', 1);
INSERT INTO survey_question_response (survey_question_id, response, display_index) VALUES (85, 'Diagnosed by a medical professional (doctor, physician assistant)', 2);
INSERT INTO survey_question_response (survey_question_id, response, display_index) VALUES (85, 'Diagnosed by an alternative medicine practitioner', 3);
INSERT INTO survey_question_response (survey_question_id, response, display_index) VALUES (85, 'Self-diagnosed', 4);
INSERT INTO survey_question_response (survey_question_id, response, display_index) VALUES (86, 'Unspecified', 0);
INSERT INTO survey_question_response (survey_question_id, response, display_index) VALUES (86, 'I do not have this condition', 1);
INSERT INTO survey_question_response (survey_question_id, response, display_index) VALUES (86, 'Diagnosed by a medical professional (doctor, physician assistant)', 2);
INSERT INTO survey_question_response (survey_question_id, response, display_index) VALUES (86, 'Diagnosed by an alternative medicine practitioner', 3);
INSERT INTO survey_question_response (survey_question_id, response, display_index) VALUES (86, 'Self-diagnosed', 4);
INSERT INTO survey_question_response (survey_question_id, response, display_index) VALUES (87, 'Unspecified', 0);
INSERT INTO survey_question_response (survey_question_id, response, display_index) VALUES (87, 'I do not have this condition', 1);
INSERT INTO survey_question_response (survey_question_id, response, display_index) VALUES (87, 'Diagnosed by a medical professional (doctor, physician assistant)', 2);
INSERT INTO survey_question_response (survey_question_id, response, display_index) VALUES (87, 'Diagnosed by an alternative medicine practitioner', 3);
INSERT INTO survey_question_response (survey_question_id, response, display_index) VALUES (87, 'Self-diagnosed', 4);
INSERT INTO survey_question_response (survey_question_id, response, display_index) VALUES (88, 'Unspecified', 0);
INSERT INTO survey_question_response (survey_question_id, response, display_index) VALUES (88, 'I do not have this condition', 1);
INSERT INTO survey_question_response (survey_question_id, response, display_index) VALUES (88, 'Diagnosed by a medical professional (doctor, physician assistant)', 2);
INSERT INTO survey_question_response (survey_question_id, response, display_index) VALUES (88, 'Diagnosed by an alternative medicine practitioner', 3);
INSERT INTO survey_question_response (survey_question_id, response, display_index) VALUES (88, 'Self-diagnosed', 4);
INSERT INTO survey_question_response (survey_question_id, response, display_index) VALUES (89, 'Unspecified', 0);
INSERT INTO survey_question_response (survey_question_id, response, display_index) VALUES (89, 'I do not have this condition', 1);
INSERT INTO survey_question_response (survey_question_id, response, display_index) VALUES (89, 'Diagnosed by a medical professional (doctor, physician assistant)', 2);
INSERT INTO survey_question_response (survey_question_id, response, display_index) VALUES (89, 'Diagnosed by an alternative medicine practitioner', 3);
INSERT INTO survey_question_response (survey_question_id, response, display_index) VALUES (89, 'Self-diagnosed', 4);
INSERT INTO survey_question_response (survey_question_id, response, display_index) VALUES (90, 'Unspecified', 0);
INSERT INTO survey_question_response (survey_question_id, response, display_index) VALUES (90, 'I do not have this condition', 1);
INSERT INTO survey_question_response (survey_question_id, response, display_index) VALUES (90, 'Diagnosed by a medical professional (doctor, physician assistant)', 2);
INSERT INTO survey_question_response (survey_question_id, response, display_index) VALUES (90, 'Diagnosed by an alternative medicine practitioner', 3);
INSERT INTO survey_question_response (survey_question_id, response, display_index) VALUES (90, 'Self-diagnosed', 4);
INSERT INTO survey_question_response (survey_question_id, response, display_index) VALUES (91, 'Unspecified', 0);
INSERT INTO survey_question_response (survey_question_id, response, display_index) VALUES (91, 'Never', 1);
INSERT INTO survey_question_response (survey_question_id, response, display_index) VALUES (91, 'Rarely (less than once/week)', 2);
INSERT INTO survey_question_response (survey_question_id, response, display_index) VALUES (91, 'Occasionally (1-2 times/week)', 3);
INSERT INTO survey_question_response (survey_question_id, response, display_index) VALUES (91, 'Regularly (3-5 times/week)', 4);
INSERT INTO survey_question_response (survey_question_id, response, display_index) VALUES (91, 'Daily', 5);
INSERT INTO survey_question_response (survey_question_id, response, display_index) VALUES (92, 'Unspecified', 0);
INSERT INTO survey_question_response (survey_question_id, response, display_index) VALUES (92, 'I do not have this condition', 1);
INSERT INTO survey_question_response (survey_question_id, response, display_index) VALUES (92, 'Diagnosed by a medical professional (doctor, physician assistant)', 2);
INSERT INTO survey_question_response (survey_question_id, response, display_index) VALUES (92, 'Diagnosed by an alternative medicine practitioner', 3);
INSERT INTO survey_question_response (survey_question_id, response, display_index) VALUES (92, 'Self-diagnosed', 4);
INSERT INTO survey_question_response (survey_question_id, response, display_index) VALUES (93, 'Unspecified', 0);
INSERT INTO survey_question_response (survey_question_id, response, display_index) VALUES (93, 'I do not have this condition', 1);
INSERT INTO survey_question_response (survey_question_id, response, display_index) VALUES (93, 'Diagnosed by a medical professional (doctor, physician assistant)', 2);
INSERT INTO survey_question_response (survey_question_id, response, display_index) VALUES (93, 'Diagnosed by an alternative medicine practitioner', 3);
INSERT INTO survey_question_response (survey_question_id, response, display_index) VALUES (93, 'Self-diagnosed', 4);
INSERT INTO survey_question_response (survey_question_id, response, display_index) VALUES (94, 'Unspecified', 0);
INSERT INTO survey_question_response (survey_question_id, response, display_index) VALUES (94, 'I do not have this condition', 1);
INSERT INTO survey_question_response (survey_question_id, response, display_index) VALUES (94, 'Diagnosed by a medical professional (doctor, physician assistant)', 2);
INSERT INTO survey_question_response (survey_question_id, response, display_index) VALUES (94, 'Diagnosed by an alternative medicine practitioner', 3);
INSERT INTO survey_question_response (survey_question_id, response, display_index) VALUES (94, 'Self-diagnosed', 4);
INSERT INTO survey_question_response (survey_question_id, response, display_index) VALUES (95, 'Unspecified', 0);
INSERT INTO survey_question_response (survey_question_id, response, display_index) VALUES (95, 'I do not have this condition', 1);
INSERT INTO survey_question_response (survey_question_id, response, display_index) VALUES (95, 'Diagnosed by a medical professional (doctor, physician assistant)', 2);
INSERT INTO survey_question_response (survey_question_id, response, display_index) VALUES (95, 'Diagnosed by an alternative medicine practitioner', 3);
INSERT INTO survey_question_response (survey_question_id, response, display_index) VALUES (95, 'Self-diagnosed', 4);
INSERT INTO survey_question_response (survey_question_id, response, display_index) VALUES (96, 'Unspecified', 0);
INSERT INTO survey_question_response (survey_question_id, response, display_index) VALUES (96, 'I do not have this condition', 1);
INSERT INTO survey_question_response (survey_question_id, response, display_index) VALUES (96, 'Diagnosed by a medical professional (doctor, physician assistant)', 2);
INSERT INTO survey_question_response (survey_question_id, response, display_index) VALUES (96, 'Diagnosed by an alternative medicine practitioner', 3);
INSERT INTO survey_question_response (survey_question_id, response, display_index) VALUES (96, 'Self-diagnosed', 4);
INSERT INTO survey_question_response (survey_question_id, response, display_index) VALUES (97, 'Unspecified', 0);
INSERT INTO survey_question_response (survey_question_id, response, display_index) VALUES (97, 'I do not have this condition', 1);
INSERT INTO survey_question_response (survey_question_id, response, display_index) VALUES (97, 'Diagnosed by a medical professional (doctor, physician assistant)', 2);
INSERT INTO survey_question_response (survey_question_id, response, display_index) VALUES (97, 'Diagnosed by an alternative medicine practitioner', 3);
INSERT INTO survey_question_response (survey_question_id, response, display_index) VALUES (97, 'Self-diagnosed', 4);
INSERT INTO survey_question_response (survey_question_id, response, display_index) VALUES (109, 'Unspecified', 0);
INSERT INTO survey_question_response (survey_question_id, response, display_index) VALUES (109, 'inches', 1);
INSERT INTO survey_question_response (survey_question_id, response, display_index) VALUES (109, 'centimeters', 2);
INSERT INTO survey_question_response (survey_question_id, response, display_index) VALUES (114, 'Unspecified', 0);
INSERT INTO survey_question_response (survey_question_id, response, display_index) VALUES (114, 'pounds', 1);
INSERT INTO survey_question_response (survey_question_id, response, display_index) VALUES (114, 'kilograms', 2);
-- country of origin
INSERT INTO survey_question_response (survey_question_id, response, display_index) VALUES (110, 'Unspecified', 0);
INSERT INTO survey_question_response (survey_question_id, response, display_index) VALUES (110, 'Afghanistan', 1);
INSERT INTO survey_question_response (survey_question_id, response, display_index) VALUES (110, 'Aland Islands', 2);
INSERT INTO survey_question_response (survey_question_id, response, display_index) VALUES (110, 'Albania', 3);
INSERT INTO survey_question_response (survey_question_id, response, display_index) VALUES (110, 'Algeria', 4);
INSERT INTO survey_question_response (survey_question_id, response, display_index) VALUES (110, 'American Samoa', 5);
INSERT INTO survey_question_response (survey_question_id, response, display_index) VALUES (110, 'Andorra', 6);
INSERT INTO survey_question_response (survey_question_id, response, display_index) VALUES (110, 'Angola', 7);
INSERT INTO survey_question_response (survey_question_id, response, display_index) VALUES (110, 'Anguilla', 8);
INSERT INTO survey_question_response (survey_question_id, response, display_index) VALUES (110, 'Antarctica', 9);
INSERT INTO survey_question_response (survey_question_id, response, display_index) VALUES (110, 'Antigua and Barbuda', 10);
INSERT INTO survey_question_response (survey_question_id, response, display_index) VALUES (110, 'Argentina', 11);
INSERT INTO survey_question_response (survey_question_id, response, display_index) VALUES (110, 'Armenia', 12);
INSERT INTO survey_question_response (survey_question_id, response, display_index) VALUES (110, 'Aruba', 13);
INSERT INTO survey_question_response (survey_question_id, response, display_index) VALUES (110, 'Australia', 14);
INSERT INTO survey_question_response (survey_question_id, response, display_index) VALUES (110, 'Austria', 15);
INSERT INTO survey_question_response (survey_question_id, response, display_index) VALUES (110, 'Azerbaijan', 16);
INSERT INTO survey_question_response (survey_question_id, response, display_index) VALUES (110, 'Bahamas', 17);
INSERT INTO survey_question_response (survey_question_id, response, display_index) VALUES (110, 'Bahrain', 18);
INSERT INTO survey_question_response (survey_question_id, response, display_index) VALUES (110, 'Bangladesh', 19);
INSERT INTO survey_question_response (survey_question_id, response, display_index) VALUES (110, 'Barbados', 20);
INSERT INTO survey_question_response (survey_question_id, response, display_index) VALUES (110, 'Belarus', 21);
INSERT INTO survey_question_response (survey_question_id, response, display_index) VALUES (110, 'Belgium', 22);
INSERT INTO survey_question_response (survey_question_id, response, display_index) VALUES (110, 'Belize', 23);
INSERT INTO survey_question_response (survey_question_id, response, display_index) VALUES (110, 'Benin', 24);
INSERT INTO survey_question_response (survey_question_id, response, display_index) VALUES (110, 'Bermuda', 25);
INSERT INTO survey_question_response (survey_question_id, response, display_index) VALUES (110, 'Bhutan', 26);
INSERT INTO survey_question_response (survey_question_id, response, display_index) VALUES (110, 'Bolivia', 27);
INSERT INTO survey_question_response (survey_question_id, response, display_index) VALUES (110, 'Bosnia and Herzegovina', 28);
INSERT INTO survey_question_response (survey_question_id, response, display_index) VALUES (110, 'Botswana', 29);
INSERT INTO survey_question_response (survey_question_id, response, display_index) VALUES (110, 'Bouvet Island', 30);
INSERT INTO survey_question_response (survey_question_id, response, display_index) VALUES (110, 'Brazil', 31);
INSERT INTO survey_question_response (survey_question_id, response, display_index) VALUES (110, 'British Indian Ocean Territory', 32);
INSERT INTO survey_question_response (survey_question_id, response, display_index) VALUES (110, 'Brunei Darussalam', 33);
INSERT INTO survey_question_response (survey_question_id, response, display_index) VALUES (110, 'Bulgaria', 34);
INSERT INTO survey_question_response (survey_question_id, response, display_index) VALUES (110, 'Burkina Faso', 35);
INSERT INTO survey_question_response (survey_question_id, response, display_index) VALUES (110, 'Burundi', 36);
INSERT INTO survey_question_response (survey_question_id, response, display_index) VALUES (110, 'Cambodia', 37);
INSERT INTO survey_question_response (survey_question_id, response, display_index) VALUES (110, 'Cameroon', 38);
INSERT INTO survey_question_response (survey_question_id, response, display_index) VALUES (110, 'Canada', 39);
INSERT INTO survey_question_response (survey_question_id, response, display_index) VALUES (110, 'Cape Verde', 40);
INSERT INTO survey_question_response (survey_question_id, response, display_index) VALUES (110, 'Cayman Islands', 41);
INSERT INTO survey_question_response (survey_question_id, response, display_index) VALUES (110, 'Central African Republic', 42);
INSERT INTO survey_question_response (survey_question_id, response, display_index) VALUES (110, 'Chad', 43);
INSERT INTO survey_question_response (survey_question_id, response, display_index) VALUES (110, 'Chile', 44);
INSERT INTO survey_question_response (survey_question_id, response, display_index) VALUES (110, 'China', 45);
INSERT INTO survey_question_response (survey_question_id, response, display_index) VALUES (110, 'Christmas Island', 46);
INSERT INTO survey_question_response (survey_question_id, response, display_index) VALUES (110, 'Cocos (Keeling) Islands', 47);
INSERT INTO survey_question_response (survey_question_id, response, display_index) VALUES (110, 'Colombia', 48);
INSERT INTO survey_question_response (survey_question_id, response, display_index) VALUES (110, 'Comoros', 49);
INSERT INTO survey_question_response (survey_question_id, response, display_index) VALUES (110, 'Congo', 50);
INSERT INTO survey_question_response (survey_question_id, response, display_index) VALUES (110, 'Congo, The Democratic Republic of The', 51);
INSERT INTO survey_question_response (survey_question_id, response, display_index) VALUES (110, 'Cook Islands', 52);
INSERT INTO survey_question_response (survey_question_id, response, display_index) VALUES (110, 'Costa Rica', 53);
INSERT INTO survey_question_response (survey_question_id, response, display_index) VALUES (110, 'Cote D''ivoire', 54);
INSERT INTO survey_question_response (survey_question_id, response, display_index) VALUES (110, 'Croatia', 55);
INSERT INTO survey_question_response (survey_question_id, response, display_index) VALUES (110, 'Cuba', 56);
INSERT INTO survey_question_response (survey_question_id, response, display_index) VALUES (110, 'Cyprus', 57);
INSERT INTO survey_question_response (survey_question_id, response, display_index) VALUES (110, 'Czech Republic', 58);
INSERT INTO survey_question_response (survey_question_id, response, display_index) VALUES (110, 'Denmark', 59);
INSERT INTO survey_question_response (survey_question_id, response, display_index) VALUES (110, 'Djibouti', 60);
INSERT INTO survey_question_response (survey_question_id, response, display_index) VALUES (110, 'Dominica', 61);
INSERT INTO survey_question_response (survey_question_id, response, display_index) VALUES (110, 'Dominican Republic', 62);
INSERT INTO survey_question_response (survey_question_id, response, display_index) VALUES (110, 'Ecuador', 63);
INSERT INTO survey_question_response (survey_question_id, response, display_index) VALUES (110, 'Egypt', 64);
INSERT INTO survey_question_response (survey_question_id, response, display_index) VALUES (110, 'El Salvador', 65);
INSERT INTO survey_question_response (survey_question_id, response, display_index) VALUES (110, 'Equatorial Guinea', 66);
INSERT INTO survey_question_response (survey_question_id, response, display_index) VALUES (110, 'Eritrea', 67);
INSERT INTO survey_question_response (survey_question_id, response, display_index) VALUES (110, 'Estonia', 68);
INSERT INTO survey_question_response (survey_question_id, response, display_index) VALUES (110, 'Ethiopia', 69);
INSERT INTO survey_question_response (survey_question_id, response, display_index) VALUES (110, 'Falkland Islands (Malvinas)', 70);
INSERT INTO survey_question_response (survey_question_id, response, display_index) VALUES (110, 'Faroe Islands', 71);
INSERT INTO survey_question_response (survey_question_id, response, display_index) VALUES (110, 'Fiji', 72);
INSERT INTO survey_question_response (survey_question_id, response, display_index) VALUES (110, 'Finland', 73);
INSERT INTO survey_question_response (survey_question_id, response, display_index) VALUES (110, 'France', 74);
INSERT INTO survey_question_response (survey_question_id, response, display_index) VALUES (110, 'French Guiana', 75);
INSERT INTO survey_question_response (survey_question_id, response, display_index) VALUES (110, 'French Polynesia', 76);
INSERT INTO survey_question_response (survey_question_id, response, display_index) VALUES (110, 'French Southern Territories', 77);
INSERT INTO survey_question_response (survey_question_id, response, display_index) VALUES (110, 'Gabon', 78);
INSERT INTO survey_question_response (survey_question_id, response, display_index) VALUES (110, 'Gambia', 79);
INSERT INTO survey_question_response (survey_question_id, response, display_index) VALUES (110, 'Georgia', 80);
INSERT INTO survey_question_response (survey_question_id, response, display_index) VALUES (110, 'Germany', 81);
INSERT INTO survey_question_response (survey_question_id, response, display_index) VALUES (110, 'Ghana', 82);
INSERT INTO survey_question_response (survey_question_id, response, display_index) VALUES (110, 'Gibraltar', 83);
INSERT INTO survey_question_response (survey_question_id, response, display_index) VALUES (110, 'Greece', 84);
INSERT INTO survey_question_response (survey_question_id, response, display_index) VALUES (110, 'Greenland', 85);
INSERT INTO survey_question_response (survey_question_id, response, display_index) VALUES (110, 'Grenada', 86);
INSERT INTO survey_question_response (survey_question_id, response, display_index) VALUES (110, 'Guadeloupe', 87);
INSERT INTO survey_question_response (survey_question_id, response, display_index) VALUES (110, 'Guam', 88);
INSERT INTO survey_question_response (survey_question_id, response, display_index) VALUES (110, 'Guatemala', 89);
INSERT INTO survey_question_response (survey_question_id, response, display_index) VALUES (110, 'Guernsey', 90);
INSERT INTO survey_question_response (survey_question_id, response, display_index) VALUES (110, 'Guinea', 91);
INSERT INTO survey_question_response (survey_question_id, response, display_index) VALUES (110, 'Guinea-bissau', 92);
INSERT INTO survey_question_response (survey_question_id, response, display_index) VALUES (110, 'Guyana', 93);
INSERT INTO survey_question_response (survey_question_id, response, display_index) VALUES (110, 'Haiti', 94);
INSERT INTO survey_question_response (survey_question_id, response, display_index) VALUES (110, 'Heard Island and Mcdonald Islands', 95);
INSERT INTO survey_question_response (survey_question_id, response, display_index) VALUES (110, 'Holy See (Vatican City State)', 96);
INSERT INTO survey_question_response (survey_question_id, response, display_index) VALUES (110, 'Honduras', 97);
INSERT INTO survey_question_response (survey_question_id, response, display_index) VALUES (110, 'Hong Kong', 98);
INSERT INTO survey_question_response (survey_question_id, response, display_index) VALUES (110, 'Hungary', 99);
INSERT INTO survey_question_response (survey_question_id, response, display_index) VALUES (110, 'Iceland', 100);
INSERT INTO survey_question_response (survey_question_id, response, display_index) VALUES (110, 'India', 101);
INSERT INTO survey_question_response (survey_question_id, response, display_index) VALUES (110, 'Indonesia', 102);
INSERT INTO survey_question_response (survey_question_id, response, display_index) VALUES (110, 'Iran, Islamic Republic of', 103);
INSERT INTO survey_question_response (survey_question_id, response, display_index) VALUES (110, 'Iraq', 104);
INSERT INTO survey_question_response (survey_question_id, response, display_index) VALUES (110, 'Ireland', 105);
INSERT INTO survey_question_response (survey_question_id, response, display_index) VALUES (110, 'Isle of Man', 106);
INSERT INTO survey_question_response (survey_question_id, response, display_index) VALUES (110, 'Israel', 107);
INSERT INTO survey_question_response (survey_question_id, response, display_index) VALUES (110, 'Italy', 108);
INSERT INTO survey_question_response (survey_question_id, response, display_index) VALUES (110, 'Jamaica', 109);
INSERT INTO survey_question_response (survey_question_id, response, display_index) VALUES (110, 'Japan', 110);
INSERT INTO survey_question_response (survey_question_id, response, display_index) VALUES (110, 'Jersey', 111);
INSERT INTO survey_question_response (survey_question_id, response, display_index) VALUES (110, 'Jordan', 112);
INSERT INTO survey_question_response (survey_question_id, response, display_index) VALUES (110, 'Kazakhstan', 113);
INSERT INTO survey_question_response (survey_question_id, response, display_index) VALUES (110, 'Kenya', 114);
INSERT INTO survey_question_response (survey_question_id, response, display_index) VALUES (110, 'Kiribati', 115);
INSERT INTO survey_question_response (survey_question_id, response, display_index) VALUES (110, 'Korea, Democratic People''s Republic of', 116);
INSERT INTO survey_question_response (survey_question_id, response, display_index) VALUES (110, 'Korea, Republic of', 117);
INSERT INTO survey_question_response (survey_question_id, response, display_index) VALUES (110, 'Kuwait', 118);
INSERT INTO survey_question_response (survey_question_id, response, display_index) VALUES (110, 'Kyrgyzstan', 119);
INSERT INTO survey_question_response (survey_question_id, response, display_index) VALUES (110, 'Lao People''s Democratic Republic', 120);
INSERT INTO survey_question_response (survey_question_id, response, display_index) VALUES (110, 'Latvia', 121);
INSERT INTO survey_question_response (survey_question_id, response, display_index) VALUES (110, 'Lebanon', 122);
INSERT INTO survey_question_response (survey_question_id, response, display_index) VALUES (110, 'Lesotho', 123);
INSERT INTO survey_question_response (survey_question_id, response, display_index) VALUES (110, 'Liberia', 124);
INSERT INTO survey_question_response (survey_question_id, response, display_index) VALUES (110, 'Libyan Arab Jamahiriya', 125);
INSERT INTO survey_question_response (survey_question_id, response, display_index) VALUES (110, 'Liechtenstein', 126);
INSERT INTO survey_question_response (survey_question_id, response, display_index) VALUES (110, 'Lithuania', 127);
INSERT INTO survey_question_response (survey_question_id, response, display_index) VALUES (110, 'Luxembourg', 128);
INSERT INTO survey_question_response (survey_question_id, response, display_index) VALUES (110, 'Macao', 129);
INSERT INTO survey_question_response (survey_question_id, response, display_index) VALUES (110, 'Macedonia, The Former Yugoslav Republic of', 130);
INSERT INTO survey_question_response (survey_question_id, response, display_index) VALUES (110, 'Madagascar', 131);
INSERT INTO survey_question_response (survey_question_id, response, display_index) VALUES (110, 'Malawi', 132);
INSERT INTO survey_question_response (survey_question_id, response, display_index) VALUES (110, 'Malaysia', 133);
INSERT INTO survey_question_response (survey_question_id, response, display_index) VALUES (110, 'Maldives', 134);
INSERT INTO survey_question_response (survey_question_id, response, display_index) VALUES (110, 'Mali', 135);
INSERT INTO survey_question_response (survey_question_id, response, display_index) VALUES (110, 'Malta', 136);
INSERT INTO survey_question_response (survey_question_id, response, display_index) VALUES (110, 'Marshall Islands', 137);
INSERT INTO survey_question_response (survey_question_id, response, display_index) VALUES (110, 'Martinique', 138);
INSERT INTO survey_question_response (survey_question_id, response, display_index) VALUES (110, 'Mauritania', 139);
INSERT INTO survey_question_response (survey_question_id, response, display_index) VALUES (110, 'Mauritius', 140);
INSERT INTO survey_question_response (survey_question_id, response, display_index) VALUES (110, 'Mayotte', 141);
INSERT INTO survey_question_response (survey_question_id, response, display_index) VALUES (110, 'Mexico', 142);
INSERT INTO survey_question_response (survey_question_id, response, display_index) VALUES (110, 'Micronesia, Federated States of', 143);
INSERT INTO survey_question_response (survey_question_id, response, display_index) VALUES (110, 'Moldova, Republic of', 144);
INSERT INTO survey_question_response (survey_question_id, response, display_index) VALUES (110, 'Monaco', 145);
INSERT INTO survey_question_response (survey_question_id, response, display_index) VALUES (110, 'Mongolia', 146);
INSERT INTO survey_question_response (survey_question_id, response, display_index) VALUES (110, 'Montenegro', 147);
INSERT INTO survey_question_response (survey_question_id, response, display_index) VALUES (110, 'Montserrat', 148);
INSERT INTO survey_question_response (survey_question_id, response, display_index) VALUES (110, 'Morocco', 149);
INSERT INTO survey_question_response (survey_question_id, response, display_index) VALUES (110, 'Mozambique', 150);
INSERT INTO survey_question_response (survey_question_id, response, display_index) VALUES (110, 'Myanmar', 151);
INSERT INTO survey_question_response (survey_question_id, response, display_index) VALUES (110, 'Namibia', 152);
INSERT INTO survey_question_response (survey_question_id, response, display_index) VALUES (110, 'Nauru', 153);
INSERT INTO survey_question_response (survey_question_id, response, display_index) VALUES (110, 'Nepal', 154);
INSERT INTO survey_question_response (survey_question_id, response, display_index) VALUES (110, 'Netherlands', 155);
INSERT INTO survey_question_response (survey_question_id, response, display_index) VALUES (110, 'Netherlands Antilles', 156);
INSERT INTO survey_question_response (survey_question_id, response, display_index) VALUES (110, 'New Caledonia', 157);
INSERT INTO survey_question_response (survey_question_id, response, display_index) VALUES (110, 'New Zealand', 158);
INSERT INTO survey_question_response (survey_question_id, response, display_index) VALUES (110, 'Nicaragua', 159);
INSERT INTO survey_question_response (survey_question_id, response, display_index) VALUES (110, 'Niger', 160);
INSERT INTO survey_question_response (survey_question_id, response, display_index) VALUES (110, 'Nigeria', 161);
INSERT INTO survey_question_response (survey_question_id, response, display_index) VALUES (110, 'Niue', 162);
INSERT INTO survey_question_response (survey_question_id, response, display_index) VALUES (110, 'Norfolk Island', 163);
INSERT INTO survey_question_response (survey_question_id, response, display_index) VALUES (110, 'Northern Mariana Islands', 164);
INSERT INTO survey_question_response (survey_question_id, response, display_index) VALUES (110, 'Norway', 165);
INSERT INTO survey_question_response (survey_question_id, response, display_index) VALUES (110, 'Oman', 166);
INSERT INTO survey_question_response (survey_question_id, response, display_index) VALUES (110, 'Pakistan', 167);
INSERT INTO survey_question_response (survey_question_id, response, display_index) VALUES (110, 'Palau', 168);
INSERT INTO survey_question_response (survey_question_id, response, display_index) VALUES (110, 'Palestinian Territory, Occupied', 169);
INSERT INTO survey_question_response (survey_question_id, response, display_index) VALUES (110, 'Panama', 170);
INSERT INTO survey_question_response (survey_question_id, response, display_index) VALUES (110, 'Papua New Guinea', 171);
INSERT INTO survey_question_response (survey_question_id, response, display_index) VALUES (110, 'Paraguay', 172);
INSERT INTO survey_question_response (survey_question_id, response, display_index) VALUES (110, 'Peru', 173);
INSERT INTO survey_question_response (survey_question_id, response, display_index) VALUES (110, 'Philippines', 174);
INSERT INTO survey_question_response (survey_question_id, response, display_index) VALUES (110, 'Pitcairn', 175);
INSERT INTO survey_question_response (survey_question_id, response, display_index) VALUES (110, 'Poland', 176);
INSERT INTO survey_question_response (survey_question_id, response, display_index) VALUES (110, 'Portugal', 177);
INSERT INTO survey_question_response (survey_question_id, response, display_index) VALUES (110, 'Puerto Rico', 178);
INSERT INTO survey_question_response (survey_question_id, response, display_index) VALUES (110, 'Qatar', 179);
INSERT INTO survey_question_response (survey_question_id, response, display_index) VALUES (110, 'Reunion', 180);
INSERT INTO survey_question_response (survey_question_id, response, display_index) VALUES (110, 'Romania', 181);
INSERT INTO survey_question_response (survey_question_id, response, display_index) VALUES (110, 'Russian Federation', 182);
INSERT INTO survey_question_response (survey_question_id, response, display_index) VALUES (110, 'Rwanda', 183);
INSERT INTO survey_question_response (survey_question_id, response, display_index) VALUES (110, 'Saint Helena', 184);
INSERT INTO survey_question_response (survey_question_id, response, display_index) VALUES (110, 'Saint Kitts and Nevis', 185);
INSERT INTO survey_question_response (survey_question_id, response, display_index) VALUES (110, 'Saint Lucia', 186);
INSERT INTO survey_question_response (survey_question_id, response, display_index) VALUES (110, 'Saint Pierre and Miquelon', 187);
INSERT INTO survey_question_response (survey_question_id, response, display_index) VALUES (110, 'Saint Vincent and The Grenadines', 188);
INSERT INTO survey_question_response (survey_question_id, response, display_index) VALUES (110, 'Samoa', 189);
INSERT INTO survey_question_response (survey_question_id, response, display_index) VALUES (110, 'San Marino', 190);
INSERT INTO survey_question_response (survey_question_id, response, display_index) VALUES (110, 'Sao Tome and Principe', 191);
INSERT INTO survey_question_response (survey_question_id, response, display_index) VALUES (110, 'Saudi Arabia', 192);
INSERT INTO survey_question_response (survey_question_id, response, display_index) VALUES (110, 'Senegal', 193);
INSERT INTO survey_question_response (survey_question_id, response, display_index) VALUES (110, 'Serbia', 194);
INSERT INTO survey_question_response (survey_question_id, response, display_index) VALUES (110, 'Seychelles', 195);
INSERT INTO survey_question_response (survey_question_id, response, display_index) VALUES (110, 'Sierra Leone', 196);
INSERT INTO survey_question_response (survey_question_id, response, display_index) VALUES (110, 'Singapore', 197);
INSERT INTO survey_question_response (survey_question_id, response, display_index) VALUES (110, 'Slovakia', 198);
INSERT INTO survey_question_response (survey_question_id, response, display_index) VALUES (110, 'Slovenia', 199);
INSERT INTO survey_question_response (survey_question_id, response, display_index) VALUES (110, 'Solomon Islands', 200);
INSERT INTO survey_question_response (survey_question_id, response, display_index) VALUES (110, 'Somalia', 201);
INSERT INTO survey_question_response (survey_question_id, response, display_index) VALUES (110, 'South Africa', 202);
INSERT INTO survey_question_response (survey_question_id, response, display_index) VALUES (110, 'South Georgia and The South Sandwich Islands', 203);
INSERT INTO survey_question_response (survey_question_id, response, display_index) VALUES (110, 'Spain', 204);
INSERT INTO survey_question_response (survey_question_id, response, display_index) VALUES (110, 'Sri Lanka', 205);
INSERT INTO survey_question_response (survey_question_id, response, display_index) VALUES (110, 'Sudan', 206);
INSERT INTO survey_question_response (survey_question_id, response, display_index) VALUES (110, 'Suriname', 207);
INSERT INTO survey_question_response (survey_question_id, response, display_index) VALUES (110, 'Svalbard and Jan Mayen', 208);
INSERT INTO survey_question_response (survey_question_id, response, display_index) VALUES (110, 'Swaziland', 209);
INSERT INTO survey_question_response (survey_question_id, response, display_index) VALUES (110, 'Sweden', 210);
INSERT INTO survey_question_response (survey_question_id, response, display_index) VALUES (110, 'Switzerland', 211);
INSERT INTO survey_question_response (survey_question_id, response, display_index) VALUES (110, 'Syrian Arab Republic', 212);
INSERT INTO survey_question_response (survey_question_id, response, display_index) VALUES (110, 'Taiwan, Province of China', 213);
INSERT INTO survey_question_response (survey_question_id, response, display_index) VALUES (110, 'Tajikistan', 214);
INSERT INTO survey_question_response (survey_question_id, response, display_index) VALUES (110, 'Tanzania, United Republic of', 215);
INSERT INTO survey_question_response (survey_question_id, response, display_index) VALUES (110, 'Thailand', 216);
INSERT INTO survey_question_response (survey_question_id, response, display_index) VALUES (110, 'Timor-leste', 217);
INSERT INTO survey_question_response (survey_question_id, response, display_index) VALUES (110, 'Togo', 218);
INSERT INTO survey_question_response (survey_question_id, response, display_index) VALUES (110, 'Tokelau', 219);
INSERT INTO survey_question_response (survey_question_id, response, display_index) VALUES (110, 'Tonga', 220);
INSERT INTO survey_question_response (survey_question_id, response, display_index) VALUES (110, 'Trinidad and Tobago', 221);
INSERT INTO survey_question_response (survey_question_id, response, display_index) VALUES (110, 'Tunisia', 222);
INSERT INTO survey_question_response (survey_question_id, response, display_index) VALUES (110, 'Turkey', 223);
INSERT INTO survey_question_response (survey_question_id, response, display_index) VALUES (110, 'Turkmenistan', 224);
INSERT INTO survey_question_response (survey_question_id, response, display_index) VALUES (110, 'Turks and Caicos Islands', 225);
INSERT INTO survey_question_response (survey_question_id, response, display_index) VALUES (110, 'Tuvalu', 226);
INSERT INTO survey_question_response (survey_question_id, response, display_index) VALUES (110, 'Uganda', 227);
INSERT INTO survey_question_response (survey_question_id, response, display_index) VALUES (110, 'Ukraine', 228);
INSERT INTO survey_question_response (survey_question_id, response, display_index) VALUES (110, 'United Arab Emirates', 229);
INSERT INTO survey_question_response (survey_question_id, response, display_index) VALUES (110, 'United Kingdom', 230);
INSERT INTO survey_question_response (survey_question_id, response, display_index) VALUES (110, 'United States', 231);
INSERT INTO survey_question_response (survey_question_id, response, display_index) VALUES (110, 'United States Minor Outlying Islands', 232);
INSERT INTO survey_question_response (survey_question_id, response, display_index) VALUES (110, 'Uruguay', 233);
INSERT INTO survey_question_response (survey_question_id, response, display_index) VALUES (110, 'Uzbekistan', 234);
INSERT INTO survey_question_response (survey_question_id, response, display_index) VALUES (110, 'Vanuatu', 235);
INSERT INTO survey_question_response (survey_question_id, response, display_index) VALUES (110, 'Venezuela', 236);
INSERT INTO survey_question_response (survey_question_id, response, display_index) VALUES (110, 'Viet Nam', 237);
INSERT INTO survey_question_response (survey_question_id, response, display_index) VALUES (110, 'Virgin Islands, British', 238);
INSERT INTO survey_question_response (survey_question_id, response, display_index) VALUES (110, 'Virgin Islands, U.S.', 239);
INSERT INTO survey_question_response (survey_question_id, response, display_index) VALUES (110, 'Wallis and Futuna', 240);
INSERT INTO survey_question_response (survey_question_id, response, display_index) VALUES (110, 'Western Sahara', 241);
INSERT INTO survey_question_response (survey_question_id, response, display_index) VALUES (110, 'Yemen', 242);
INSERT INTO survey_question_response (survey_question_id, response, display_index) VALUES (110, 'Zambia', 243);
INSERT INTO survey_question_response (survey_question_id, response, display_index) VALUES (110, 'Zimbabwe', 244);
--birth months
INSERT INTO survey_question_response (survey_question_id, response, display_index) VALUES (111, 'Unspecified', 0);
INSERT INTO survey_question_response (survey_question_id, response, display_index) VALUES (111, 'January', 1);
INSERT INTO survey_question_response (survey_question_id, response, display_index) VALUES (111, 'February', 2);
INSERT INTO survey_question_response (survey_question_id, response, display_index) VALUES (111, 'March', 3);
INSERT INTO survey_question_response (survey_question_id, response, display_index) VALUES (111, 'April', 4);
INSERT INTO survey_question_response (survey_question_id, response, display_index) VALUES (111, 'May', 5);
INSERT INTO survey_question_response (survey_question_id, response, display_index) VALUES (111, 'June', 6);
INSERT INTO survey_question_response (survey_question_id, response, display_index) VALUES (111, 'July', 7);
INSERT INTO survey_question_response (survey_question_id, response, display_index) VALUES (111, 'August', 8);
INSERT INTO survey_question_response (survey_question_id, response, display_index) VALUES (111, 'September', 9);
INSERT INTO survey_question_response (survey_question_id, response, display_index) VALUES (111, 'October', 10);
INSERT INTO survey_question_response (survey_question_id, response, display_index) VALUES (111, 'November', 11);
INSERT INTO survey_question_response (survey_question_id, response, display_index) VALUES (111, 'December', 12);
--birth year
INSERT INTO survey_question_response (survey_question_id, response, display_index) VALUES (112, 'Unspecified', 0);
INSERT INTO survey_question_response (survey_question_id, response, display_index) VALUES (112, '2014', 1);
INSERT INTO survey_question_response (survey_question_id, response, display_index) VALUES (112, '2013', 2);
INSERT INTO survey_question_response (survey_question_id, response, display_index) VALUES (112, '2012', 3);
INSERT INTO survey_question_response (survey_question_id, response, display_index) VALUES (112, '2011', 4);
INSERT INTO survey_question_response (survey_question_id, response, display_index) VALUES (112, '2010', 5);
INSERT INTO survey_question_response (survey_question_id, response, display_index) VALUES (112, '2009', 6);
INSERT INTO survey_question_response (survey_question_id, response, display_index) VALUES (112, '2008', 7);
INSERT INTO survey_question_response (survey_question_id, response, display_index) VALUES (112, '2007', 8);
INSERT INTO survey_question_response (survey_question_id, response, display_index) VALUES (112, '2006', 9);
INSERT INTO survey_question_response (survey_question_id, response, display_index) VALUES (112, '2005', 10);
INSERT INTO survey_question_response (survey_question_id, response, display_index) VALUES (112, '2004', 11);
INSERT INTO survey_question_response (survey_question_id, response, display_index) VALUES (112, '2003', 12);
INSERT INTO survey_question_response (survey_question_id, response, display_index) VALUES (112, '2002', 13);
INSERT INTO survey_question_response (survey_question_id, response, display_index) VALUES (112, '2001', 14);
INSERT INTO survey_question_response (survey_question_id, response, display_index) VALUES (112, '2000', 15);
INSERT INTO survey_question_response (survey_question_id, response, display_index) VALUES (112, '1999', 16);
INSERT INTO survey_question_response (survey_question_id, response, display_index) VALUES (112, '1998', 17);
INSERT INTO survey_question_response (survey_question_id, response, display_index) VALUES (112, '1997', 18);
INSERT INTO survey_question_response (survey_question_id, response, display_index) VALUES (112, '1996', 19);
INSERT INTO survey_question_response (survey_question_id, response, display_index) VALUES (112, '1995', 20);
INSERT INTO survey_question_response (survey_question_id, response, display_index) VALUES (112, '1994', 21);
INSERT INTO survey_question_response (survey_question_id, response, display_index) VALUES (112, '1993', 22);
INSERT INTO survey_question_response (survey_question_id, response, display_index) VALUES (112, '1992', 23);
INSERT INTO survey_question_response (survey_question_id, response, display_index) VALUES (112, '1991', 24);
INSERT INTO survey_question_response (survey_question_id, response, display_index) VALUES (112, '1990', 25);
INSERT INTO survey_question_response (survey_question_id, response, display_index) VALUES (112, '1989', 26);
INSERT INTO survey_question_response (survey_question_id, response, display_index) VALUES (112, '1988', 27);
INSERT INTO survey_question_response (survey_question_id, response, display_index) VALUES (112, '1987', 28);
INSERT INTO survey_question_response (survey_question_id, response, display_index) VALUES (112, '1986', 29);
INSERT INTO survey_question_response (survey_question_id, response, display_index) VALUES (112, '1985', 30);
INSERT INTO survey_question_response (survey_question_id, response, display_index) VALUES (112, '1984', 31);
INSERT INTO survey_question_response (survey_question_id, response, display_index) VALUES (112, '1983', 32);
INSERT INTO survey_question_response (survey_question_id, response, display_index) VALUES (112, '1982', 33);
INSERT INTO survey_question_response (survey_question_id, response, display_index) VALUES (112, '1981', 34);
INSERT INTO survey_question_response (survey_question_id, response, display_index) VALUES (112, '1980', 35);
INSERT INTO survey_question_response (survey_question_id, response, display_index) VALUES (112, '1979', 36);
INSERT INTO survey_question_response (survey_question_id, response, display_index) VALUES (112, '1978', 37);
INSERT INTO survey_question_response (survey_question_id, response, display_index) VALUES (112, '1977', 38);
INSERT INTO survey_question_response (survey_question_id, response, display_index) VALUES (112, '1976', 39);
INSERT INTO survey_question_response (survey_question_id, response, display_index) VALUES (112, '1975', 40);
INSERT INTO survey_question_response (survey_question_id, response, display_index) VALUES (112, '1974', 41);
INSERT INTO survey_question_response (survey_question_id, response, display_index) VALUES (112, '1973', 42);
INSERT INTO survey_question_response (survey_question_id, response, display_index) VALUES (112, '1972', 43);
INSERT INTO survey_question_response (survey_question_id, response, display_index) VALUES (112, '1971', 44);
INSERT INTO survey_question_response (survey_question_id, response, display_index) VALUES (112, '1970', 45);
INSERT INTO survey_question_response (survey_question_id, response, display_index) VALUES (112, '1969', 46);
INSERT INTO survey_question_response (survey_question_id, response, display_index) VALUES (112, '1968', 47);
INSERT INTO survey_question_response (survey_question_id, response, display_index) VALUES (112, '1967', 48);
INSERT INTO survey_question_response (survey_question_id, response, display_index) VALUES (112, '1966', 49);
INSERT INTO survey_question_response (survey_question_id, response, display_index) VALUES (112, '1965', 50);
INSERT INTO survey_question_response (survey_question_id, response, display_index) VALUES (112, '1964', 51);
INSERT INTO survey_question_response (survey_question_id, response, display_index) VALUES (112, '1963', 52);
INSERT INTO survey_question_response (survey_question_id, response, display_index) VALUES (112, '1962', 53);
INSERT INTO survey_question_response (survey_question_id, response, display_index) VALUES (112, '1961', 54);
INSERT INTO survey_question_response (survey_question_id, response, display_index) VALUES (112, '1960', 55);
INSERT INTO survey_question_response (survey_question_id, response, display_index) VALUES (112, '1959', 56);
INSERT INTO survey_question_response (survey_question_id, response, display_index) VALUES (112, '1958', 57);
INSERT INTO survey_question_response (survey_question_id, response, display_index) VALUES (112, '1957', 58);
INSERT INTO survey_question_response (survey_question_id, response, display_index) VALUES (112, '1956', 59);
INSERT INTO survey_question_response (survey_question_id, response, display_index) VALUES (112, '1955', 60);
INSERT INTO survey_question_response (survey_question_id, response, display_index) VALUES (112, '1954', 61);
INSERT INTO survey_question_response (survey_question_id, response, display_index) VALUES (112, '1953', 62);
INSERT INTO survey_question_response (survey_question_id, response, display_index) VALUES (112, '1952', 63);
INSERT INTO survey_question_response (survey_question_id, response, display_index) VALUES (112, '1951', 64);
INSERT INTO survey_question_response (survey_question_id, response, display_index) VALUES (112, '1950', 65);
INSERT INTO survey_question_response (survey_question_id, response, display_index) VALUES (112, '1949', 66);
INSERT INTO survey_question_response (survey_question_id, response, display_index) VALUES (112, '1948', 67);
INSERT INTO survey_question_response (survey_question_id, response, display_index) VALUES (112, '1947', 68);
INSERT INTO survey_question_response (survey_question_id, response, display_index) VALUES (112, '1946', 69);
INSERT INTO survey_question_response (survey_question_id, response, display_index) VALUES (112, '1945', 70);
INSERT INTO survey_question_response (survey_question_id, response, display_index) VALUES (112, '1944', 71);
INSERT INTO survey_question_response (survey_question_id, response, display_index) VALUES (112, '1943', 72);
INSERT INTO survey_question_response (survey_question_id, response, display_index) VALUES (112, '1942', 73);
INSERT INTO survey_question_response (survey_question_id, response, display_index) VALUES (112, '1941', 74);
INSERT INTO survey_question_response (survey_question_id, response, display_index) VALUES (112, '1940', 75);
INSERT INTO survey_question_response (survey_question_id, response, display_index) VALUES (112, '1939', 76);
INSERT INTO survey_question_response (survey_question_id, response, display_index) VALUES (112, '1938', 77);
INSERT INTO survey_question_response (survey_question_id, response, display_index) VALUES (112, '1937', 78);
INSERT INTO survey_question_response (survey_question_id, response, display_index) VALUES (112, '1936', 79);
INSERT INTO survey_question_response (survey_question_id, response, display_index) VALUES (112, '1935', 80);
INSERT INTO survey_question_response (survey_question_id, response, display_index) VALUES (112, '1934', 81);
INSERT INTO survey_question_response (survey_question_id, response, display_index) VALUES (112, '1933', 82);
INSERT INTO survey_question_response (survey_question_id, response, display_index) VALUES (112, '1932', 83);
INSERT INTO survey_question_response (survey_question_id, response, display_index) VALUES (112, '1931', 84);
INSERT INTO survey_question_response (survey_question_id, response, display_index) VALUES (112, '1930', 85);
INSERT INTO survey_question_response (survey_question_id, response, display_index) VALUES (112, '1929', 86);
INSERT INTO survey_question_response (survey_question_id, response, display_index) VALUES (112, '1928', 87);
INSERT INTO survey_question_response (survey_question_id, response, display_index) VALUES (112, '1927', 88);
INSERT INTO survey_question_response (survey_question_id, response, display_index) VALUES (112, '1926', 89);
INSERT INTO survey_question_response (survey_question_id, response, display_index) VALUES (112, '1925', 90);
INSERT INTO survey_question_response (survey_question_id, response, display_index) VALUES (112, '1924', 91);
INSERT INTO survey_question_response (survey_question_id, response, display_index) VALUES (112, '1923', 92);
INSERT INTO survey_question_response (survey_question_id, response, display_index) VALUES (112, '1922', 93);
INSERT INTO survey_question_response (survey_question_id, response, display_index) VALUES (112, '1921', 94);
INSERT INTO survey_question_response (survey_question_id, response, display_index) VALUES (112, '1920', 95);
INSERT INTO survey_question_response (survey_question_id, response, display_index) VALUES (112, '1919', 96);
INSERT INTO survey_question_response (survey_question_id, response, display_index) VALUES (112, '1918', 97);
INSERT INTO survey_question_response (survey_question_id, response, display_index) VALUES (112, '1917', 98);
INSERT INTO survey_question_response (survey_question_id, response, display_index) VALUES (112, '1916', 99);
INSERT INTO survey_question_response (survey_question_id, response, display_index) VALUES (112, '1915', 100);
INSERT INTO survey_question_response (survey_question_id, response, display_index) VALUES (112, '1914', 101);
INSERT INTO survey_question_response (survey_question_id, response, display_index) VALUES (112, '1913', 102);
INSERT INTO survey_question_response (survey_question_id, response, display_index) VALUES (112, '1912', 103);
INSERT INTO survey_question_response (survey_question_id, response, display_index) VALUES (112, '1911', 104);
INSERT INTO survey_question_response (survey_question_id, response, display_index) VALUES (112, '1910', 105);
INSERT INTO survey_question_response (survey_question_id, response, display_index) VALUES (112, '1909', 106);
INSERT INTO survey_question_response (survey_question_id, response, display_index) VALUES (112, '1908', 107);
INSERT INTO survey_question_response (survey_question_id, response, display_index) VALUES (112, '1907', 108);
INSERT INTO survey_question_response (survey_question_id, response, display_index) VALUES (112, '1906', 109);
INSERT INTO survey_question_response (survey_question_id, response, display_index) VALUES (112, '1905', 110);
INSERT INTO survey_question_response (survey_question_id, response, display_index) VALUES (112, '1904', 111);
INSERT INTO survey_question_response (survey_question_id, response, display_index) VALUES (112, '1903', 112);
INSERT INTO survey_question_response (survey_question_id, response, display_index) VALUES (112, '1902', 113);
INSERT INTO survey_question_response (survey_question_id, response, display_index) VALUES (112, '1901', 114);
INSERT INTO survey_question_response (survey_question_id, response, display_index) VALUES (112, '1900', 115);
INSERT INTO survey_question_response (survey_question_id, response, display_index) VALUES (112, '1899', 116);
INSERT INTO survey_question_response (survey_question_id, response, display_index) VALUES (112, '1898', 117);
INSERT INTO survey_question_response (survey_question_id, response, display_index) VALUES (112, '1897', 118);
INSERT INTO survey_question_response (survey_question_id, response, display_index) VALUES (112, '1896', 119);
INSERT INTO survey_question_response (survey_question_id, response, display_index) VALUES (112, '1895', 120);
INSERT INTO survey_question_response (survey_question_id, response, display_index) VALUES (112, '1894', 121);
INSERT INTO survey_question_response (survey_question_id, response, display_index) VALUES (112, '1893', 122);
INSERT INTO survey_question_response (survey_question_id, response, display_index) VALUES (112, '1892', 123);
INSERT INTO survey_question_response (survey_question_id, response, display_index) VALUES (112, '1891', 124);
INSERT INTO survey_question_response (survey_question_id, response, display_index) VALUES (112, '1890', 125);
--gender
INSERT INTO survey_question_response (survey_question_id, response, display_index) VALUES (107, 'Unspecified', 0);
INSERT INTO survey_question_response (survey_question_id, response, display_index) VALUES (107, 'Male', 1);
INSERT INTO survey_question_response (survey_question_id, response, display_index) VALUES (107, 'Female', 2);
INSERT INTO survey_question_response (survey_question_id, response, display_index) VALUES (107, 'Other', 3);

----------------------------------------------------------
-- survey_question_triggers
----------------------------------------------------------
-- Herbal supplements
INSERT INTO survey_question_triggers (survey_question_id, triggered_question, triggering_response) VALUES (6, 104, 'Yes');
-- Other clinical condition
INSERT INTO survey_question_triggers (survey_question_id, triggered_question, triggering_response) VALUES (81, 106, 'Diagnosed by a medical professional (doctor, physician assistant)');
INSERT INTO survey_question_triggers (survey_question_id, triggered_question, triggering_response) VALUES (81, 106, 'Diagnosed by an alternative medicine practitioner');
INSERT INTO survey_question_triggers (survey_question_id, triggered_question, triggering_response) VALUES (81, 106, 'Self-diagnosed');
-- Special diet restrictions
INSERT INTO survey_question_triggers (survey_question_id, triggered_question, triggering_response) VALUES (12, 118, 'Yes');
-- Race/ethnicity
INSERT INTO survey_question_triggers (survey_question_id, triggered_question, triggering_response) VALUES (14, 103, 'Other');
-- Traveled outside of the United States
INSERT INTO survey_question_triggers (survey_question_id, triggered_question, triggering_response) VALUES (16, 119, 'Month');
INSERT INTO survey_question_triggers (survey_question_id, triggered_question, triggering_response) VALUES (16, 119, '3 months');
INSERT INTO survey_question_triggers (survey_question_id, triggered_question, triggering_response) VALUES (16, 119, '6 months');
-- Roommates or family members in study 
INSERT INTO survey_question_triggers (survey_question_id, triggered_question, triggering_response) VALUES (18, 120, 'Yes');
-- Dog or cat
INSERT INTO survey_question_triggers (survey_question_id, triggered_question, triggering_response) VALUES (20, 101, 'Yes');
INSERT INTO survey_question_triggers (survey_question_id, triggered_question, triggering_response) VALUES (20, 105, 'Yes');
INSERT INTO survey_question_triggers (survey_question_id, triggered_question, triggering_response) VALUES (21, 117, 'Yes');
INSERT INTO survey_question_triggers (survey_question_id, triggered_question, triggering_response) VALUES (21, 122, 'Yes');
-- Antibiotics
INSERT INTO survey_question_triggers (survey_question_id, triggered_question, triggering_response) VALUES (39, 124, 'Week');
INSERT INTO survey_question_triggers (survey_question_id, triggered_question, triggering_response) VALUES (39, 126, 'Week');
INSERT INTO survey_question_triggers (survey_question_id, triggered_question, triggering_response) VALUES (39, 124, 'Month');
INSERT INTO survey_question_triggers (survey_question_id, triggered_question, triggering_response) VALUES (39, 126, 'Month');
INSERT INTO survey_question_triggers (survey_question_id, triggered_question, triggering_response) VALUES (39, 124, '6 months');
INSERT INTO survey_question_triggers (survey_question_id, triggered_question, triggering_response) VALUES (39, 126, '6 months');
-- Pregnant
INSERT INTO survey_question_triggers (survey_question_id, triggered_question, triggering_response) VALUES (42, 98, 'Yes');
-- OTC or prescription meds
INSERT INTO survey_question_triggers (survey_question_id, triggered_question, triggering_response) VALUES (49, 99, 'Yes');

----------------------------------------------------------
-- iso_country_lookups
----------------------------------------------------------
INSERT INTO iso_country_lookup (iso_code, country) VALUES ('AF', 'Afghanistan');
INSERT INTO iso_country_lookup (iso_code, country) VALUES ('AX', 'Aland Islands');
INSERT INTO iso_country_lookup (iso_code, country) VALUES ('AL', 'Albania');
INSERT INTO iso_country_lookup (iso_code, country) VALUES ('DZ', 'Algeria');
INSERT INTO iso_country_lookup (iso_code, country) VALUES ('AS', 'American Samoa');
INSERT INTO iso_country_lookup (iso_code, country) VALUES ('AD', 'Andorra');
INSERT INTO iso_country_lookup (iso_code, country) VALUES ('AO', 'Angola');
INSERT INTO iso_country_lookup (iso_code, country) VALUES ('AI', 'Anguilla');
INSERT INTO iso_country_lookup (iso_code, country) VALUES ('AQ', 'Antarctica');
INSERT INTO iso_country_lookup (iso_code, country) VALUES ('AG', 'Antigua and Barbuda');
INSERT INTO iso_country_lookup (iso_code, country) VALUES ('AR', 'Argentina');
INSERT INTO iso_country_lookup (iso_code, country) VALUES ('AM', 'Armenia');
INSERT INTO iso_country_lookup (iso_code, country) VALUES ('AW', 'Aruba');
INSERT INTO iso_country_lookup (iso_code, country) VALUES ('AU', 'Australia');
INSERT INTO iso_country_lookup (iso_code, country) VALUES ('AT', 'Austria');
INSERT INTO iso_country_lookup (iso_code, country) VALUES ('AZ', 'Azerbaijan');
INSERT INTO iso_country_lookup (iso_code, country) VALUES ('BS', 'Bahamas');
INSERT INTO iso_country_lookup (iso_code, country) VALUES ('BH', 'Bahrain');
INSERT INTO iso_country_lookup (iso_code, country) VALUES ('BD', 'Bangladesh');
INSERT INTO iso_country_lookup (iso_code, country) VALUES ('BB', 'Barbados');
INSERT INTO iso_country_lookup (iso_code, country) VALUES ('BY', 'Belarus');
INSERT INTO iso_country_lookup (iso_code, country) VALUES ('BE', 'Belgium');
INSERT INTO iso_country_lookup (iso_code, country) VALUES ('BZ', 'Belize');
INSERT INTO iso_country_lookup (iso_code, country) VALUES ('BJ', 'Benin');
INSERT INTO iso_country_lookup (iso_code, country) VALUES ('BM', 'Bermuda');
INSERT INTO iso_country_lookup (iso_code, country) VALUES ('BT', 'Bhutan');
INSERT INTO iso_country_lookup (iso_code, country) VALUES ('BO', 'Bolivia');
INSERT INTO iso_country_lookup (iso_code, country) VALUES ('BA', 'Bosnia and Herzegovina');
INSERT INTO iso_country_lookup (iso_code, country) VALUES ('BW', 'Botswana');
INSERT INTO iso_country_lookup (iso_code, country) VALUES ('BV', 'Bouvet Island');
INSERT INTO iso_country_lookup (iso_code, country) VALUES ('BR', 'Brazil');
INSERT INTO iso_country_lookup (iso_code, country) VALUES ('IO', 'British Indian Ocean Territory');
INSERT INTO iso_country_lookup (iso_code, country) VALUES ('BN', 'Brunei Darussalam');
INSERT INTO iso_country_lookup (iso_code, country) VALUES ('BG', 'Bulgaria');
INSERT INTO iso_country_lookup (iso_code, country) VALUES ('BF', 'Burkina Faso');
INSERT INTO iso_country_lookup (iso_code, country) VALUES ('BI', 'Burundi');
INSERT INTO iso_country_lookup (iso_code, country) VALUES ('KH', 'Cambodia');
INSERT INTO iso_country_lookup (iso_code, country) VALUES ('CM', 'Cameroon');
INSERT INTO iso_country_lookup (iso_code, country) VALUES ('CA', 'Canada');
INSERT INTO iso_country_lookup (iso_code, country) VALUES ('CV', 'Cape Verde');
INSERT INTO iso_country_lookup (iso_code, country) VALUES ('KY', 'Cayman Islands');
INSERT INTO iso_country_lookup (iso_code, country) VALUES ('CF', 'Central African Republic');
INSERT INTO iso_country_lookup (iso_code, country) VALUES ('TD', 'Chad');
INSERT INTO iso_country_lookup (iso_code, country) VALUES ('CL', 'Chile');
INSERT INTO iso_country_lookup (iso_code, country) VALUES ('CN', 'China');
INSERT INTO iso_country_lookup (iso_code, country) VALUES ('CX', 'Christmas Island');
INSERT INTO iso_country_lookup (iso_code, country) VALUES ('CC', 'Cocos (Keeling) Islands');
INSERT INTO iso_country_lookup (iso_code, country) VALUES ('CO', 'Colombia');
INSERT INTO iso_country_lookup (iso_code, country) VALUES ('KM', 'Comoros');
INSERT INTO iso_country_lookup (iso_code, country) VALUES ('CG', 'Congo');
INSERT INTO iso_country_lookup (iso_code, country) VALUES ('CD', 'Congo, The Democratic Republic of The');
INSERT INTO iso_country_lookup (iso_code, country) VALUES ('CK', 'Cook Islands');
INSERT INTO iso_country_lookup (iso_code, country) VALUES ('CR', 'Costa Rica');
INSERT INTO iso_country_lookup (iso_code, country) VALUES ('CI', 'Cote D''ivoire');
INSERT INTO iso_country_lookup (iso_code, country) VALUES ('HR', 'Croatia');
INSERT INTO iso_country_lookup (iso_code, country) VALUES ('CU', 'Cuba');
INSERT INTO iso_country_lookup (iso_code, country) VALUES ('CY', 'Cyprus');
INSERT INTO iso_country_lookup (iso_code, country) VALUES ('CZ', 'Czech Republic');
INSERT INTO iso_country_lookup (iso_code, country) VALUES ('DK', 'Denmark');
INSERT INTO iso_country_lookup (iso_code, country) VALUES ('DJ', 'Djibouti');
INSERT INTO iso_country_lookup (iso_code, country) VALUES ('DM', 'Dominica');
INSERT INTO iso_country_lookup (iso_code, country) VALUES ('DO', 'Dominican Republic');
INSERT INTO iso_country_lookup (iso_code, country) VALUES ('EC', 'Ecuador');
INSERT INTO iso_country_lookup (iso_code, country) VALUES ('EG', 'Egypt');
INSERT INTO iso_country_lookup (iso_code, country) VALUES ('SV', 'El Salvador');
INSERT INTO iso_country_lookup (iso_code, country) VALUES ('GQ', 'Equatorial Guinea');
INSERT INTO iso_country_lookup (iso_code, country) VALUES ('ER', 'Eritrea');
INSERT INTO iso_country_lookup (iso_code, country) VALUES ('EE', 'Estonia');
INSERT INTO iso_country_lookup (iso_code, country) VALUES ('ET', 'Ethiopia');
INSERT INTO iso_country_lookup (iso_code, country) VALUES ('FK', 'Falkland Islands (Malvinas)');
INSERT INTO iso_country_lookup (iso_code, country) VALUES ('FO', 'Faroe Islands');
INSERT INTO iso_country_lookup (iso_code, country) VALUES ('FJ', 'Fiji');
INSERT INTO iso_country_lookup (iso_code, country) VALUES ('FI', 'Finland');
INSERT INTO iso_country_lookup (iso_code, country) VALUES ('FR', 'France');
INSERT INTO iso_country_lookup (iso_code, country) VALUES ('GF', 'French Guiana');
INSERT INTO iso_country_lookup (iso_code, country) VALUES ('PF', 'French Polynesia');
INSERT INTO iso_country_lookup (iso_code, country) VALUES ('TF', 'French Southern Territories');
INSERT INTO iso_country_lookup (iso_code, country) VALUES ('GA', 'Gabon');
INSERT INTO iso_country_lookup (iso_code, country) VALUES ('GM', 'Gambia');
INSERT INTO iso_country_lookup (iso_code, country) VALUES ('GE', 'Georgia');
INSERT INTO iso_country_lookup (iso_code, country) VALUES ('DE', 'Germany');
INSERT INTO iso_country_lookup (iso_code, country) VALUES ('GH', 'Ghana');
INSERT INTO iso_country_lookup (iso_code, country) VALUES ('GI', 'Gibraltar');
INSERT INTO iso_country_lookup (iso_code, country) VALUES ('GR', 'Greece');
INSERT INTO iso_country_lookup (iso_code, country) VALUES ('GL', 'Greenland');
INSERT INTO iso_country_lookup (iso_code, country) VALUES ('GD', 'Grenada');
INSERT INTO iso_country_lookup (iso_code, country) VALUES ('GP', 'Guadeloupe');
INSERT INTO iso_country_lookup (iso_code, country) VALUES ('GU', 'Guam');
INSERT INTO iso_country_lookup (iso_code, country) VALUES ('GT', 'Guatemala');
INSERT INTO iso_country_lookup (iso_code, country) VALUES ('GG', 'Guernsey');
INSERT INTO iso_country_lookup (iso_code, country) VALUES ('GN', 'Guinea');
INSERT INTO iso_country_lookup (iso_code, country) VALUES ('GW', 'Guinea-bissau');
INSERT INTO iso_country_lookup (iso_code, country) VALUES ('GY', 'Guyana');
INSERT INTO iso_country_lookup (iso_code, country) VALUES ('HT', 'Haiti');
INSERT INTO iso_country_lookup (iso_code, country) VALUES ('HM', 'Heard Island and Mcdonald Islands');
INSERT INTO iso_country_lookup (iso_code, country) VALUES ('VA', 'Holy See (Vatican City State)');
INSERT INTO iso_country_lookup (iso_code, country) VALUES ('HN', 'Honduras');
INSERT INTO iso_country_lookup (iso_code, country) VALUES ('HK', 'Hong Kong');
INSERT INTO iso_country_lookup (iso_code, country) VALUES ('HU', 'Hungary');
INSERT INTO iso_country_lookup (iso_code, country) VALUES ('IS', 'Iceland');
INSERT INTO iso_country_lookup (iso_code, country) VALUES ('IN', 'India');
INSERT INTO iso_country_lookup (iso_code, country) VALUES ('ID', 'Indonesia');
INSERT INTO iso_country_lookup (iso_code, country) VALUES ('IR', 'Iran, Islamic Republic of');
INSERT INTO iso_country_lookup (iso_code, country) VALUES ('IQ', 'Iraq');
INSERT INTO iso_country_lookup (iso_code, country) VALUES ('IE', 'Ireland');
INSERT INTO iso_country_lookup (iso_code, country) VALUES ('IM', 'Isle of Man');
INSERT INTO iso_country_lookup (iso_code, country) VALUES ('IL', 'Israel');
INSERT INTO iso_country_lookup (iso_code, country) VALUES ('IT', 'Italy');
INSERT INTO iso_country_lookup (iso_code, country) VALUES ('JM', 'Jamaica');
INSERT INTO iso_country_lookup (iso_code, country) VALUES ('JP', 'Japan');
INSERT INTO iso_country_lookup (iso_code, country) VALUES ('JE', 'Jersey');
INSERT INTO iso_country_lookup (iso_code, country) VALUES ('JO', 'Jordan');
INSERT INTO iso_country_lookup (iso_code, country) VALUES ('KZ', 'Kazakhstan');
INSERT INTO iso_country_lookup (iso_code, country) VALUES ('KE', 'Kenya');
INSERT INTO iso_country_lookup (iso_code, country) VALUES ('KI', 'Kiribati');
INSERT INTO iso_country_lookup (iso_code, country) VALUES ('KP', 'Korea, Democratic People''s Republic of');
INSERT INTO iso_country_lookup (iso_code, country) VALUES ('KR', 'Korea, Republic of');
INSERT INTO iso_country_lookup (iso_code, country) VALUES ('KW', 'Kuwait');
INSERT INTO iso_country_lookup (iso_code, country) VALUES ('KG', 'Kyrgyzstan');
INSERT INTO iso_country_lookup (iso_code, country) VALUES ('LA', 'Lao People''s Democratic Republic');
INSERT INTO iso_country_lookup (iso_code, country) VALUES ('LV', 'Latvia');
INSERT INTO iso_country_lookup (iso_code, country) VALUES ('LB', 'Lebanon');
INSERT INTO iso_country_lookup (iso_code, country) VALUES ('LS', 'Lesotho');
INSERT INTO iso_country_lookup (iso_code, country) VALUES ('LR', 'Liberia');
INSERT INTO iso_country_lookup (iso_code, country) VALUES ('LY', 'Libyan Arab Jamahiriya');
INSERT INTO iso_country_lookup (iso_code, country) VALUES ('LI', 'Liechtenstein');
INSERT INTO iso_country_lookup (iso_code, country) VALUES ('LT', 'Lithuania');
INSERT INTO iso_country_lookup (iso_code, country) VALUES ('LU', 'Luxembourg');
INSERT INTO iso_country_lookup (iso_code, country) VALUES ('MO', 'Macao');
INSERT INTO iso_country_lookup (iso_code, country) VALUES ('MK', 'Macedonia, The Former Yugoslav Republic of');
INSERT INTO iso_country_lookup (iso_code, country) VALUES ('MG', 'Madagascar');
INSERT INTO iso_country_lookup (iso_code, country) VALUES ('MW', 'Malawi');
INSERT INTO iso_country_lookup (iso_code, country) VALUES ('MY', 'Malaysia');
INSERT INTO iso_country_lookup (iso_code, country) VALUES ('MV', 'Maldives');
INSERT INTO iso_country_lookup (iso_code, country) VALUES ('ML', 'Mali');
INSERT INTO iso_country_lookup (iso_code, country) VALUES ('MT', 'Malta');
INSERT INTO iso_country_lookup (iso_code, country) VALUES ('MH', 'Marshall Islands');
INSERT INTO iso_country_lookup (iso_code, country) VALUES ('MQ', 'Martinique');
INSERT INTO iso_country_lookup (iso_code, country) VALUES ('MR', 'Mauritania');
INSERT INTO iso_country_lookup (iso_code, country) VALUES ('MU', 'Mauritius');
INSERT INTO iso_country_lookup (iso_code, country) VALUES ('YT', 'Mayotte');
INSERT INTO iso_country_lookup (iso_code, country) VALUES ('MX', 'Mexico');
INSERT INTO iso_country_lookup (iso_code, country) VALUES ('FM', 'Micronesia, Federated States of');
INSERT INTO iso_country_lookup (iso_code, country) VALUES ('MD', 'Moldova, Republic of');
INSERT INTO iso_country_lookup (iso_code, country) VALUES ('MC', 'Monaco');
INSERT INTO iso_country_lookup (iso_code, country) VALUES ('MN', 'Mongolia');
INSERT INTO iso_country_lookup (iso_code, country) VALUES ('ME', 'Montenegro');
INSERT INTO iso_country_lookup (iso_code, country) VALUES ('MS', 'Montserrat');
INSERT INTO iso_country_lookup (iso_code, country) VALUES ('MA', 'Morocco');
INSERT INTO iso_country_lookup (iso_code, country) VALUES ('MZ', 'Mozambique');
INSERT INTO iso_country_lookup (iso_code, country) VALUES ('MM', 'Myanmar');
INSERT INTO iso_country_lookup (iso_code, country) VALUES ('NA', 'Namibia');
INSERT INTO iso_country_lookup (iso_code, country) VALUES ('NR', 'Nauru');
INSERT INTO iso_country_lookup (iso_code, country) VALUES ('NP', 'Nepal');
INSERT INTO iso_country_lookup (iso_code, country) VALUES ('NL', 'Netherlands');
INSERT INTO iso_country_lookup (iso_code, country) VALUES ('AN', 'Netherlands Antilles');
INSERT INTO iso_country_lookup (iso_code, country) VALUES ('NC', 'New Caledonia');
INSERT INTO iso_country_lookup (iso_code, country) VALUES ('NZ', 'New Zealand');
INSERT INTO iso_country_lookup (iso_code, country) VALUES ('NI', 'Nicaragua');
INSERT INTO iso_country_lookup (iso_code, country) VALUES ('NE', 'Niger');
INSERT INTO iso_country_lookup (iso_code, country) VALUES ('NG', 'Nigeria');
INSERT INTO iso_country_lookup (iso_code, country) VALUES ('NU', 'Niue');
INSERT INTO iso_country_lookup (iso_code, country) VALUES ('NF', 'Norfolk Island');
INSERT INTO iso_country_lookup (iso_code, country) VALUES ('MP', 'Northern Mariana Islands');
INSERT INTO iso_country_lookup (iso_code, country) VALUES ('NO', 'Norway');
INSERT INTO iso_country_lookup (iso_code, country) VALUES ('OM', 'Oman');
INSERT INTO iso_country_lookup (iso_code, country) VALUES ('PK', 'Pakistan');
INSERT INTO iso_country_lookup (iso_code, country) VALUES ('PW', 'Palau');
INSERT INTO iso_country_lookup (iso_code, country) VALUES ('PS', 'Palestinian Territory, Occupied');
INSERT INTO iso_country_lookup (iso_code, country) VALUES ('PA', 'Panama');
INSERT INTO iso_country_lookup (iso_code, country) VALUES ('PG', 'Papua New Guinea');
INSERT INTO iso_country_lookup (iso_code, country) VALUES ('PY', 'Paraguay');
INSERT INTO iso_country_lookup (iso_code, country) VALUES ('PE', 'Peru');
INSERT INTO iso_country_lookup (iso_code, country) VALUES ('PH', 'Philippines');
INSERT INTO iso_country_lookup (iso_code, country) VALUES ('PN', 'Pitcairn');
INSERT INTO iso_country_lookup (iso_code, country) VALUES ('PL', 'Poland');
INSERT INTO iso_country_lookup (iso_code, country) VALUES ('PT', 'Portugal');
INSERT INTO iso_country_lookup (iso_code, country) VALUES ('PR', 'Puerto Rico');
INSERT INTO iso_country_lookup (iso_code, country) VALUES ('QA', 'Qatar');
INSERT INTO iso_country_lookup (iso_code, country) VALUES ('RE', 'Reunion');
INSERT INTO iso_country_lookup (iso_code, country) VALUES ('RO', 'Romania');
INSERT INTO iso_country_lookup (iso_code, country) VALUES ('RU', 'Russian Federation');
INSERT INTO iso_country_lookup (iso_code, country) VALUES ('RW', 'Rwanda');
INSERT INTO iso_country_lookup (iso_code, country) VALUES ('SH', 'Saint Helena');
INSERT INTO iso_country_lookup (iso_code, country) VALUES ('KN', 'Saint Kitts and Nevis');
INSERT INTO iso_country_lookup (iso_code, country) VALUES ('LC', 'Saint Lucia');
INSERT INTO iso_country_lookup (iso_code, country) VALUES ('PM', 'Saint Pierre and Miquelon');
INSERT INTO iso_country_lookup (iso_code, country) VALUES ('VC', 'Saint Vincent and The Grenadines');
INSERT INTO iso_country_lookup (iso_code, country) VALUES ('WS', 'Samoa');
INSERT INTO iso_country_lookup (iso_code, country) VALUES ('SM', 'San Marino');
INSERT INTO iso_country_lookup (iso_code, country) VALUES ('ST', 'Sao Tome and Principe');
INSERT INTO iso_country_lookup (iso_code, country) VALUES ('SA', 'Saudi Arabia');
INSERT INTO iso_country_lookup (iso_code, country) VALUES ('SN', 'Senegal');
INSERT INTO iso_country_lookup (iso_code, country) VALUES ('RS', 'Serbia');
INSERT INTO iso_country_lookup (iso_code, country) VALUES ('SC', 'Seychelles');
INSERT INTO iso_country_lookup (iso_code, country) VALUES ('SL', 'Sierra Leone');
INSERT INTO iso_country_lookup (iso_code, country) VALUES ('SG', 'Singapore');
INSERT INTO iso_country_lookup (iso_code, country) VALUES ('SK', 'Slovakia');
INSERT INTO iso_country_lookup (iso_code, country) VALUES ('SI', 'Slovenia');
INSERT INTO iso_country_lookup (iso_code, country) VALUES ('SB', 'Solomon Islands');
INSERT INTO iso_country_lookup (iso_code, country) VALUES ('SO', 'Somalia');
INSERT INTO iso_country_lookup (iso_code, country) VALUES ('ZA', 'South Africa');
INSERT INTO iso_country_lookup (iso_code, country) VALUES ('GS', 'South Georgia and The South Sandwich Islands');
INSERT INTO iso_country_lookup (iso_code, country) VALUES ('ES', 'Spain');
INSERT INTO iso_country_lookup (iso_code, country) VALUES ('LK', 'Sri Lanka');
INSERT INTO iso_country_lookup (iso_code, country) VALUES ('SD', 'Sudan');
INSERT INTO iso_country_lookup (iso_code, country) VALUES ('SR', 'Suriname');
INSERT INTO iso_country_lookup (iso_code, country) VALUES ('SJ', 'Svalbard and Jan Mayen');
INSERT INTO iso_country_lookup (iso_code, country) VALUES ('SZ', 'Swaziland');
INSERT INTO iso_country_lookup (iso_code, country) VALUES ('SE', 'Sweden');
INSERT INTO iso_country_lookup (iso_code, country) VALUES ('CH', 'Switzerland');
INSERT INTO iso_country_lookup (iso_code, country) VALUES ('SY', 'Syrian Arab Republic');
INSERT INTO iso_country_lookup (iso_code, country) VALUES ('TW', 'Taiwan, Province of China');
INSERT INTO iso_country_lookup (iso_code, country) VALUES ('TJ', 'Tajikistan');
INSERT INTO iso_country_lookup (iso_code, country) VALUES ('TZ', 'Tanzania, United Republic of');
INSERT INTO iso_country_lookup (iso_code, country) VALUES ('TH', 'Thailand');
INSERT INTO iso_country_lookup (iso_code, country) VALUES ('TL', 'Timor-leste');
INSERT INTO iso_country_lookup (iso_code, country) VALUES ('TG', 'Togo');
INSERT INTO iso_country_lookup (iso_code, country) VALUES ('TK', 'Tokelau');
INSERT INTO iso_country_lookup (iso_code, country) VALUES ('TO', 'Tonga');
INSERT INTO iso_country_lookup (iso_code, country) VALUES ('TT', 'Trinidad and Tobago');
INSERT INTO iso_country_lookup (iso_code, country) VALUES ('TN', 'Tunisia');
INSERT INTO iso_country_lookup (iso_code, country) VALUES ('TR', 'Turkey');
INSERT INTO iso_country_lookup (iso_code, country) VALUES ('TM', 'Turkmenistan');
INSERT INTO iso_country_lookup (iso_code, country) VALUES ('TC', 'Turks and Caicos Islands');
INSERT INTO iso_country_lookup (iso_code, country) VALUES ('TV', 'Tuvalu');
INSERT INTO iso_country_lookup (iso_code, country) VALUES ('UG', 'Uganda');
INSERT INTO iso_country_lookup (iso_code, country) VALUES ('UA', 'Ukraine');
INSERT INTO iso_country_lookup (iso_code, country) VALUES ('AE', 'United Arab Emirates');
INSERT INTO iso_country_lookup (iso_code, country) VALUES ('GB', 'United Kingdom');
INSERT INTO iso_country_lookup (iso_code, country) VALUES ('US', 'United States');
INSERT INTO iso_country_lookup (iso_code, country) VALUES ('UM', 'United States Minor Outlying Islands');
INSERT INTO iso_country_lookup (iso_code, country) VALUES ('UY', 'Uruguay');
INSERT INTO iso_country_lookup (iso_code, country) VALUES ('UZ', 'Uzbekistan');
INSERT INTO iso_country_lookup (iso_code, country) VALUES ('VU', 'Vanuatu');
INSERT INTO iso_country_lookup (iso_code, country) VALUES ('VE', 'Venezuela');
INSERT INTO iso_country_lookup (iso_code, country) VALUES ('VN', 'Viet Nam');
INSERT INTO iso_country_lookup (iso_code, country) VALUES ('VG', 'Virgin Islands, British');
INSERT INTO iso_country_lookup (iso_code, country) VALUES ('VI', 'Virgin Islands, U.S.');
INSERT INTO iso_country_lookup (iso_code, country) VALUES ('WF', 'Wallis and Futuna');
INSERT INTO iso_country_lookup (iso_code, country) VALUES ('EH', 'Western Sahara');
INSERT INTO iso_country_lookup (iso_code, country) VALUES ('YE', 'Yemen');
INSERT INTO iso_country_lookup (iso_code, country) VALUES ('ZM', 'Zambia');
INSERT INTO iso_country_lookup (iso_code, country) VALUES ('ZW', 'Zimbabwe');
